Province,Destination,Occupation,Skill_Level,Sex,Age_Group,Mode_of_Approval,Risk_Score,Risk_Category,Injury_Probability,Illness_Probability,Injury_Occurred,Illness_Occurred,Years_Experience,Monthly_Salary_USD,Contract_Duration_Months
Sudurpashchim,Malaysia,Cleaning,Unskilled,Male,18-24,Recruitment Agency,5,Medium,0.066,0.116,0,0,6,1069,24
Karnali,Oman,Domestic Work,Unskilled,Male,25-34,Recruitment Agency,8,High,0.229,0.265,1,0,3,1131,12
Lumbini,Saudi Arabia,Healthcare,Unskilled,Male,25-34,Recruitment Agency,5,Medium,0.147,0.181,0,0,7,808,24
Bagmati,Qatar,Hospitality,Unskilled,Male,18-24,Recruitment Agency,6,Medium,0.102,0.155,0,0,4,569,24
Sudurpashchim,Japan,Driving,Unskilled,Male,35-44,Recruitment Agency,3,Low,0.026,0.036,0,0,9,1480,24
Province 1,South Korea,Healthcare,Unskilled,Male,35-44,Recruitment Agency,4,Medium,0.132,0.171,1,0,9,1351,24
Gandaki,UAE,Construction,Unskilled,Male,35-44,Recruitment Agency,9,High,0.259,0.296,1,0,1,1328,12
Sudurpashchim,Bahrain,Manufacturing,Unskilled,Male,35-44,Recruitment Agency,6,Medium,0.094,0.12,0,0,5,530,12
Bagmati,Malaysia,Cleaning,Unskilled,Male,25-34,Recruitment Agency,5,Medium,0.138,0.162,0,0,4,489,12
Province 1,South Korea,Hospitality,Unskilled,Male,25-34,Recruitment Agency,3,Low,0.03,0.045,0,0,6,1436,12
Madhesh,Malaysia,Hospitality,Unskilled,Male,25-34,Regularisation,6,Medium,0.065,0.2,0,1,1,684,12
Madhesh,Kuwait,Hospitality,Unskilled,Male,25-34,Recruitment Agency,8,High,0.251,0.314,0,0,6,1281,12
Province 1,South Korea,Hospitality,Unskilled,Male,18-24,Recruitment Agency,4,Medium,0.109,0.168,0,0,4,788,24
Sudurpashchim,UAE,Construction,Skilled,Male,25-34,Recruitment Agency,8,High,0.289,0.332,0,0,1,301,36
Karnali,Kuwait,Cleaning,Skilled,Male,35-44,Recruitment Agency,3,Low,0.024,0.064,0,0,1,403,24
Bagmati,South Korea,Manufacturing,Skilled,Male,25-34,Recruitment Agency,2,Low,0.032,0.062,0,0,5,1115,24
Sudurpashchim,Saudi Arabia,Construction,Unskilled,Male,25-34,Regularisation,10,High,0.205,0.24,0,0,2,1097,24
Sudurpashchim,Qatar,Cleaning,Unskilled,Male,45+,Recruitment Agency,8,High,0.265,0.207,0,0,9,1360,36
Province 1,Kuwait,Healthcare,Skilled,Male,25-34,Recruitment Agency,3,Low,0.022,0.031,0,0,6,869,36
Karnali,Japan,Domestic Work,Skilled,Female,25-34,Recruitment Agency,7,High,0.188,0.244,1,0,7,1058,12
Madhesh,South Korea,Cleaning,Unskilled,Male,25-34,Individual,4,Medium,0.069,0.107,0,1,2,1133,12
Sudurpashchim,Oman,Manufacturing,Unskilled,Male,25-34,Individual,5,Medium,0.134,0.186,0,0,5,1292,24
Gandaki,Kuwait,Healthcare,Unskilled,Male,35-44,Regularisation,5,Medium,0.104,0.164,0,0,1,419,12
Gandaki,UK,Healthcare,Unskilled,Male,25-34,Recruitment Agency,3,Low,0.043,0.062,0,0,6,859,12
Lumbini,Kuwait,Construction,Skilled,Male,18-24,Recruitment Agency,7,High,0.215,0.31,1,1,5,1370,12
Karnali,Malaysia,Cleaning,Unskilled,Male,25-34,Recruitment Agency,6,Medium,0.097,0.117,0,0,2,1061,36
Province 1,Japan,Cleaning,Skilled,Male,25-34,Recruitment Agency,1,Low,0.048,0.072,0,0,1,1256,12
Lumbini,Saudi Arabia,Construction,Skilled,Female,18-24,Recruitment Agency,6,Medium,0.057,0.11,0,1,8,904,24
Madhesh,UAE,Manufacturing,Unskilled,Male,18-24,Recruitment Agency,9,High,0.202,0.34,0,0,5,756,12
Bagmati,Qatar,Manufacturing,Unskilled,Male,25-34,Recruitment Agency,9,High,0.237,0.33,0,0,3,1172,12
Province 1,Malaysia,Construction,Unskilled,Male,35-44,Recruitment Agency,8,High,0.158,0.344,0,0,4,1150,12
Lumbini,Kuwait,Manufacturing,Semi-skilled,Male,35-44,Recruitment Agency,5,Medium,0.125,0.179,0,1,5,1486,24
Bagmati,UAE,Healthcare,Unskilled,Male,35-44,Individual,5,Medium,0.06,0.108,0,0,5,328,12
Bagmati,Japan,Cleaning,Unskilled,Male,25-34,Recruitment Agency,4,Medium,0.141,0.159,0,0,7,390,12
Bagmati,Bahrain,Driving,Unskilled,Male,18-24,Recruitment Agency,3,Low,0.012,0.027,0,0,9,1123,12
Lumbini,Oman,Domestic Work,Unskilled,Female,35-44,Recruitment Agency,7,High,0.198,0.207,0,0,9,346,24
Karnali,Qatar,Cleaning,Skilled,Male,45+,Recruitment Agency,6,Medium,0.055,0.128,0,0,8,1445,12
Madhesh,Japan,Domestic Work,Unskilled,Male,25-34,Recruitment Agency,7,High,0.296,0.348,0,0,3,689,36
Lumbini,South Korea,Domestic Work,Unskilled,Male,25-34,Recruitment Agency,7,High,0.157,0.204,0,1,5,362,12
Bagmati,Qatar,Cleaning,Unskilled,Male,35-44,Recruitment Agency,7,High,0.191,0.208,0,0,5,1346,24
Lumbini,UK,Domestic Work,Unskilled,Male,25-34,Recruitment Agency,5,Medium,0.063,0.195,0,0,8,453,12
Karnali,Oman,Manufacturing,Unskilled,Male,35-44,Recruitment Agency,7,High,0.295,0.213,0,0,5,1152,24
Bagmati,Saudi Arabia,Healthcare,Unskilled,Male,25-34,Recruitment Agency,6,Medium,0.111,0.164,0,0,1,1283,36
Karnali,Bahrain,Domestic Work,Skilled,Female,25-34,Recruitment Agency,7,High,0.289,0.274,0,0,3,410,12
Sudurpashchim,Oman,Hospitality,Unskilled,Male,45+,Recruitment Agency,5,Medium,0.137,0.152,0,0,2,903,12
Karnali,Kuwait,Driving,Unskilled,Male,25-34,Recruitment Agency,7,High,0.284,0.219,1,0,6,538,12
Bagmati,Qatar,Domestic Work,Skilled,Male,25-34,Recruitment Agency,7,High,0.178,0.231,0,0,8,664,12
Bagmati,Japan,Manufacturing,Skilled,Male,35-44,Recruitment Agency,2,Low,0.04,0.022,0,0,7,784,12
Sudurpashchim,South Korea,Construction,Unskilled,Male,25-34,Recruitment Agency,7,High,0.284,0.289,0,1,6,333,12
Province 1,Saudi Arabia,Domestic Work,Unskilled,Male,25-34,Recruitment Agency,9,High,0.241,0.237,0,1,5,923,12
Bagmati,Japan,Healthcare,Skilled,Male,18-24,Recruitment Agency,1,Low,0.026,0.079,0,0,6,417,12
Karnali,Saudi Arabia,Driving,Skilled,Male,18-24,Recruitment Agency,5,Medium,0.078,0.177,0,0,1,439,12
Madhesh,Oman,Cleaning,Unskilled,Female,25-34,Recruitment Agency,4,Medium,0.103,0.105,1,0,8,620,12
Province 1,Qatar,Construction,Semi-skilled,Male,35-44,Recruitment Agency,10,High,0.269,0.216,0,0,9,887,12
Province 1,Japan,Driving,Unskilled,Male,18-24,Recruitment Agency,4,Medium,0.13,0.12,0,0,4,900,24
Province 1,UAE,Healthcare,Skilled,Male,25-34,Recruitment Agency,2,Low,0.022,0.065,0,0,5,403,24
Bagmati,Oman,Driving,Unskilled,Male,25-34,Recruitment Agency,3,Low,0.016,0.068,0,0,6,1420,24
Bagmati,Bahrain,Construction,Unskilled,Male,18-24,Recruitment Agency,7,High,0.224,0.313,0,0,4,314,24
Lumbini,Malaysia,Hospitality,Skilled,Male,25-34,Recruitment Agency,3,Low,0.038,0.053,0,0,6,1457,12
Sudurpashchim,UK,Driving,Skilled,Female,35-44,Recruitment Agency,1,Low,0.014,0.035,0,0,5,1187,12
Sudurpashchim,UK,Construction,Semi-skilled,Male,35-44,Recruitment Agency,7,High,0.162,0.216,1,0,4,1282,36
Sudurpashchim,Oman,Healthcare,Unskilled,Male,35-44,Individual,5,Medium,0.055,0.134,0,0,9,374,36
Sudurpashchim,UAE,Manufacturing,Skilled,Male,25-34,Recruitment Agency,7,High,0.155,0.337,0,1,1,476,24
Bagmati,Oman,Domestic Work,Unskilled,Male,25-34,Recruitment Agency,7,High,0.296,0.269,0,1,7,1464,12
Bagmati,Japan,Manufacturing,Unskilled,Male,25-34,Individual,4,Medium,0.054,0.147,0,0,2,801,12
Madhesh,Oman,Manufacturing,Unskilled,Male,25-34,Recruitment Agency,6,Medium,0.058,0.175,0,0,7,1331,12
Sudurpashchim,Saudi Arabia,Healthcare,Skilled,Male,35-44,Recruitment Agency,4,Medium,0.084,0.157,0,0,8,1401,24
Karnali,Malaysia,Hospitality,Skilled,Male,25-34,Recruitment Agency,5,Medium,0.082,0.109,0,0,3,999,24
Province 1,Kuwait,Hospitality,Unskilled,Male,25-34,Recruitment Agency,6,Medium,0.109,0.127,0,0,3,1153,24
Province 1,UK,Driving,Unskilled,Male,35-44,Recruitment Agency,2,Low,0.029,0.051,0,0,6,793,36
Madhesh,UAE,Healthcare,Skilled,Male,18-24,Recruitment Agency,4,Medium,0.132,0.15,0,0,5,641,12
Province 1,Oman,Manufacturing,Semi-skilled,Male,35-44,Recruitment Agency,3,Low,0.03,0.054,0,0,2,1319,36
Province 1,Saudi Arabia,Cleaning,Semi-skilled,Male,35-44,Recruitment Agency,4,Medium,0.134,0.144,0,0,7,922,36
Karnali,Kuwait,Construction,Unskilled,Male,25-34,Recruitment Agency,10,High,0.239,0.208,0,0,5,372,12
Province 1,Qatar,Construction,Skilled,Male,35-44,Recruitment Agency,6,Medium,0.075,0.182,0,0,3,1367,24
Province 1,Qatar,Domestic Work,Skilled,Male,25-34,Recruitment Agency,6,Medium,0.146,0.176,0,0,8,765,12
Sudurpashchim,UK,Construction,Skilled,Male,25-34,Recruitment Agency,5,Medium,0.109,0.2,0,1,7,436,12
Madhesh,Bahrain,Cleaning,Unskilled,Male,25-34,Recruitment Agency,6,Medium,0.096,0.152,0,0,2,430,24
Madhesh,Bahrain,Healthcare,Unskilled,Male,35-44,Recruitment Agency,4,Medium,0.104,0.166,0,0,2,610,12
Madhesh,Bahrain,Cleaning,Unskilled,Female,18-24,Recruitment Agency,6,Medium,0.057,0.101,1,0,8,676,24
Province 1,Bahrain,Hospitality,Skilled,Male,35-44,Recruitment Agency,1,Low,0.029,0.038,0,0,5,884,12
Province 1,Japan,Hospitality,Unskilled,Female,45+,Recruitment Agency,2,Low,0.02,0.055,0,0,2,1476,24
Gandaki,Japan,Hospitality,Skilled,Male,18-24,Recruitment Agency,1,Low,0.031,0.034,0,0,6,353,36
Province 1,South Korea,Manufacturing,Semi-skilled,Male,25-34,Recruitment Agency,5,Medium,0.09,0.176,0,0,8,1192,12
Province 1,Malaysia,Driving,Skilled,Male,18-24,Recruitment Agency,3,Low,0.021,0.049,0,0,9,1254,12
Gandaki,Oman,Manufacturing,Skilled,Male,35-44,Regularisation,2,Low,0.048,0.027,0,0,3,997,12
Madhesh,Japan,Manufacturing,Skilled,Male,18-24,Recruitment Agency,5,Medium,0.137,0.125,0,0,5,1493,12
Bagmati,Oman,Hospitality,Unskilled,Male,18-24,Recruitment Agency,3,Low,0.029,0.073,0,0,2,655,12
Lumbini,Bahrain,Domestic Work,Unskilled,Male,25-34,Individual,5,Medium,0.106,0.112,0,0,3,713,12
Province 1,UAE,Healthcare,Unskilled,Male,25-34,Individual,5,Medium,0.06,0.194,0,0,6,700,12
Province 1,Oman,Domestic Work,Unskilled,Male,35-44,Recruitment Agency,6,Medium,0.147,0.197,0,1,1,1178,12
Bagmati,UK,Healthcare,Unskilled,Male,35-44,Recruitment Agency,2,Low,0.048,0.026,0,0,2,1273,12
Bagmati,Saudi Arabia,Construction,Skilled,Male,25-34,Recruitment Agency,6,Medium,0.144,0.142,0,0,1,869,24
Sudurpashchim,UAE,Cleaning,Unskilled,Male,45+,Recruitment Agency,7,High,0.28,0.271,0,0,2,498,24
Gandaki,Kuwait,Hospitality,Skilled,Male,18-24,Recruitment Agency,3,Low,0.029,0.027,0,0,9,1255,12
Karnali,Kuwait,Cleaning,Semi-skilled,Male,25-34,Recruitment Agency,5,Medium,0.065,0.146,0,0,9,1100,36
Province 1,Japan,Manufacturing,Unskilled,Male,18-24,Recruitment Agency,4,Medium,0.06,0.157,0,0,8,541,12
Madhesh,Qatar,Construction,Skilled,Male,18-24,Recruitment Agency,8,High,0.162,0.26,0,0,2,405,12
Province 1,Japan,Manufacturing,Unskilled,Male,25-34,Recruitment Agency,4,Medium,0.144,0.105,0,0,4,410,24
Sudurpashchim,Malaysia,Hospitality,Semi-skilled,Male,35-44,Recruitment Agency,6,Medium,0.114,0.153,1,0,9,421,12
Karnali,Malaysia,Cleaning,Unskilled,Male,18-24,Recruitment Agency,8,High,0.157,0.224,0,0,3,1223,12
Bagmati,Oman,Healthcare,Unskilled,Male,35-44,Recruitment Agency,2,Low,0.045,0.064,0,0,4,1255,12
Province 1,Saudi Arabia,Construction,Unskilled,Male,25-34,Regularisation,10,High,0.24,0.319,0,0,3,829,24
Sudurpashchim,Qatar,Manufacturing,Skilled,Male,45+,Recruitment Agency,6,Medium,0.068,0.124,0,0,6,680,12
Sudurpashchim,South Korea,Hospitality,Semi-skilled,Male,35-44,Individual,4,Medium,0.081,0.14,0,0,4,600,12
Sudurpashchim,UK,Manufacturing,Unskilled,Male,25-34,Recruitment Agency,5,Medium,0.084,0.183,0,0,6,1444,24
Sudurpashchim,Kuwait,Hospitality,Unskilled,Male,18-24,Recruitment Agency,7,High,0.28,0.231,1,0,4,581,12
Sudurpashchim,Saudi Arabia,Driving,Unskilled,Male,18-24,Regularisation,6,Medium,0.101,0.104,0,1,2,516,24
Province 1,Bahrain,Healthcare,Unskilled,Male,18-24,Recruitment Agency,4,Medium,0.117,0.114,0,0,7,1331,36
Province 1,Bahrain,Cleaning,Unskilled,Male,45+,Recruitment Agency,3,Low,0.02,0.06,1,0,8,602,12
Gandaki,Japan,Construction,Skilled,Male,25-34,Recruitment Agency,5,Medium,0.144,0.183,0,1,6,874,36
Province 1,South Korea,Cleaning,Skilled,Male,35-44,Recruitment Agency,0,Low,0.014,0.059,0,0,9,1150,24
Province 1,Japan,Driving,Semi-skilled,Male,25-34,Recruitment Agency,3,Low,0.035,0.057,0,0,1,590,12
Madhesh,Saudi Arabia,Driving,Skilled,Male,25-34,Recruitment Agency,4,Medium,0.088,0.186,1,0,5,603,12
Gandaki,Malaysia,Healthcare,Unskilled,Male,18-24,Recruitment Agency,5,Medium,0.122,0.196,1,0,9,1014,12
Gandaki,Kuwait,Cleaning,Unskilled,Male,25-34,Recruitment Agency,4,Medium,0.112,0.152,0,0,4,969,24
Province 1,Malaysia,Domestic Work,Unskilled,Male,18-24,Recruitment Agency,9,High,0.279,0.32,0,1,8,335,12
Karnali,Bahrain,Driving,Semi-skilled,Male,25-34,Recruitment Agency,4,Medium,0.061,0.1,0,0,8,677,12
Madhesh,Japan,Construction,Unskilled,Male,25-34,Recruitment Agency,9,High,0.26,0.328,0,1,7,541,12
Province 1,Saudi Arabia,Hospitality,Skilled,Male,25-34,Recruitment Agency,2,Low,0.017,0.039,0,0,9,1220,36
Bagmati,Bahrain,Cleaning,Skilled,Male,45+,Recruitment Agency,0,Low,0.039,0.062,0,0,7,920,12
Lumbini,Qatar,Hospitality,Unskilled,Male,25-34,Recruitment Agency,7,High,0.202,0.293,0,1,5,1075,24
Madhesh,Saudi Arabia,Driving,Unskilled,Male,25-34,Recruitment Agency,8,High,0.25,0.349,0,0,8,961,12
Gandaki,Kuwait,Cleaning,Skilled,Male,25-34,Recruitment Agency,3,Low,0.031,0.026,0,0,4,814,36
Lumbini,Bahrain,Hospitality,Skilled,Male,25-34,Recruitment Agency,0,Low,0.044,0.051,0,0,6,1037,12
Gandaki,Qatar,Healthcare,Unskilled,Male,25-34,Recruitment Agency,5,Medium,0.085,0.124,0,0,2,610,12
Karnali,Oman,Hospitality,Skilled,Male,25-34,Recruitment Agency,3,Low,0.026,0.052,0,0,3,1330,12
Province 1,Kuwait,Manufacturing,Unskilled,Male,35-44,Recruitment Agency,7,High,0.294,0.286,0,0,1,1433,24
Karnali,Malaysia,Manufacturing,Skilled,Male,18-24,Recruitment Agency,5,Medium,0.087,0.107,0,0,4,1288,12
Karnali,UAE,Hospitality,Unskilled,Male,18-24,Regularisation,7,High,0.267,0.269,1,0,9,1282,12
Bagmati,Kuwait,Construction,Skilled,Male,25-34,Regularisation,7,High,0.254,0.209,0,0,4,1119,24
Karnali,Bahrain,Domestic Work,Unskilled,Male,25-34,Recruitment Agency,8,High,0.248,0.253,1,0,5,809,12
Karnali,Kuwait,Driving,Skilled,Male,25-34,Individual,5,Medium,0.064,0.154,0,0,2,472,12
Province 1,Saudi Arabia,Construction,Semi-skilled,Male,35-44,Recruitment Agency,10,High,0.172,0.219,0,0,4,853,24
Lumbini,Qatar,Construction,Unskilled,Male,25-34,Recruitment Agency,9,High,0.253,0.266,1,0,5,1014,12
Bagmati,Oman,Construction,Skilled,Male,25-34,Recruitment Agency,3,Low,0.016,0.064,0,0,1,707,12
Province 1,Kuwait,Hospitality,Skilled,Male,35-44,Recruitment Agency,2,Low,0.05,0.078,0,0,5,649,24
Madhesh,Oman,Healthcare,Unskilled,Female,45+,Recruitment Agency,6,Medium,0.128,0.123,1,0,4,468,36
Sudurpashchim,UAE,Domestic Work,Skilled,Male,35-44,Recruitment Agency,7,High,0.24,0.287,0,1,1,1235,12
Province 1,South Korea,Manufacturing,Semi-skilled,Male,18-24,Recruitment Agency,4,Medium,0.144,0.124,0,0,3,421,24
Sudurpashchim,Bahrain,Construction,Unskilled,Male,35-44,Recruitment Agency,7,High,0.263,0.269,0,0,6,961,36
Karnali,UAE,Domestic Work,Unskilled,Male,18-24,Recruitment Agency,10,High,0.295,0.273,0,0,1,995,24
Karnali,Saudi Arabia,Healthcare,Skilled,Male,18-24,Recruitment Agency,6,Medium,0.138,0.143,0,0,3,748,12
Bagmati,UK,Domestic Work,Unskilled,Male,25-34,Recruitment Agency,6,Medium,0.112,0.119,0,1,6,1335,24
Karnali,South Korea,Domestic Work,Skilled,Male,25-34,Recruitment Agency,6,Medium,0.134,0.147,0,0,8,1313,12
Lumbini,Oman,Cleaning,Unskilled,Male,35-44,Recruitment Agency,3,Low,0.035,0.041,0,0,3,635,12
Gandaki,Malaysia,Driving,Unskilled,Male,25-34,Recruitment Agency,6,Medium,0.077,0.183,1,0,6,1440,24
Bagmati,Malaysia,Driving,Unskilled,Male,35-44,Recruitment Agency,5,Medium,0.087,0.106,0,0,1,700,24
Gandaki,Oman,Healthcare,Skilled,Male,25-34,Regularisation,0,Low,0.048,0.032,0,0,6,1009,12
Lumbini,Saudi Arabia,Cleaning,Unskilled,Male,18-24,Recruitment Agency,6,Medium,0.137,0.184,0,0,6,937,24
Madhesh,Saudi Arabia,Construction,Skilled,Male,18-24,Recruitment Agency,8,High,0.174,0.292,0,0,8,1175,12
Karnali,Bahrain,Manufacturing,Unskilled,Male,25-34,Recruitment Agency,7,High,0.191,0.314,1,0,8,895,24
Bagmati,South Korea,Cleaning,Unskilled,Male,35-44,Recruitment Agency,4,Medium,0.059,0.124,0,0,5,791,24
Karnali,South Korea,Cleaning,Skilled,Male,25-34,Recruitment Agency,3,Low,0.039,0.031,0,0,9,460,12
Gandaki,UK,Construction,Skilled,Male,25-34,Recruitment Agency,3,Low,0.049,0.034,0,0,2,1265,12
Madhesh,Qatar,Domestic Work,Unskilled,Female,25-34,Recruitment Agency,10,High,0.25,0.269,0,1,8,870,12
Bagmati,Qatar,Healthcare,Skilled,Male,18-24,Recruitment Agency,3,Low,0.04,0.021,0,0,9,979,36
Madhesh,Qatar,Healthcare,Semi-skilled,Male,25-34,Recruitment Agency,8,High,0.286,0.281,0,0,2,1008,36
Gandaki,UK,Hospitality,Skilled,Male,18-24,Recruitment Agency,0,Low,0.022,0.059,0,0,6,685,12
Bagmati,Saudi Arabia,Manufacturing,Unskilled,Female,25-34,Recruitment Agency,7,High,0.24,0.205,0,0,6,665,12
Province 1,Bahrain,Construction,Unskilled,Female,45+,Regularisation,6,Medium,0.123,0.132,0,1,5,430,12
Province 1,Malaysia,Domestic Work,Unskilled,Male,35-44,Recruitment Agency,9,High,0.178,0.329,0,1,2,1242,24
Province 1,Kuwait,Domestic Work,Skilled,Male,35-44,Recruitment Agency,5,Medium,0.067,0.171,0,1,9,606,12
Madhesh,South Korea,Healthcare,Skilled,Male,25-34,Individual,1,Low,0.042,0.071,0,0,3,1235,12
Sudurpashchim,Bahrain,Driving,Skilled,Male,25-34,Recruitment Agency,2,Low,0.021,0.059,0,0,3,1248,24
Karnali,Malaysia,Hospitality,Unskilled,Male,35-44,Individual,6,Medium,0.14,0.165,0,0,6,441,24
Karnali,Saudi Arabia,Manufacturing,Skilled,Male,35-44,Recruitment Agency,6,Medium,0.054,0.174,0,0,3,1198,24
Province 1,Malaysia,Cleaning,Skilled,Male,25-34,Recruitment Agency,3,Low,0.035,0.052,0,0,4,1235,12
Province 1,Qatar,Hospitality,Unskilled,Male,25-34,Individual,7,High,0.184,0.31,0,0,6,1450,24
Lumbini,Qatar,Driving,Unskilled,Male,18-24,Recruitment Agency,6,Medium,0.136,0.152,0,1,9,1358,24
Province 1,Japan,Cleaning,Skilled,Male,25-34,Recruitment Agency,0,Low,0.027,0.066,0,0,3,804,24
Gandaki,Bahrain,Healthcare,Unskilled,Male,25-34,Recruitment Agency,2,Low,0.049,0.036,0,0,6,513,12
Province 1,Oman,Domestic Work,Skilled,Male,25-34,Recruitment Agency,3,Low,0.049,0.04,0,0,8,952,12
Province 1,Qatar,Driving,Skilled,Male,25-34,Recruitment Agency,2,Low,0.024,0.068,0,0,9,1116,24
Lumbini,Saudi Arabia,Manufacturing,Unskilled,Male,25-34,Recruitment Agency,7,High,0.251,0.207,1,0,3,883,36
Lumbini,Qatar,Cleaning,Skilled,Female,18-24,Recruitment Agency,2,Low,0.01,0.058,0,0,2,1289,24
Gandaki,UAE,Cleaning,Unskilled,Male,25-34,Recruitment Agency,5,Medium,0.057,0.108,0,0,2,1209,24
Karnali,South Korea,Construction,Unskilled,Male,18-24,Recruitment Agency,9,High,0.168,0.335,1,1,3,534,12
Lumbini,UK,Cleaning,Unskilled,Male,18-24,Recruitment Agency,4,Medium,0.097,0.182,0,0,7,372,12
Madhesh,UAE,Manufacturing,Unskilled,Male,25-34,Recruitment Agency,9,High,0.215,0.248,0,0,1,978,12
Gandaki,Kuwait,Healthcare,Unskilled,Male,25-34,Recruitment Agency,4,Medium,0.145,0.134,1,0,1,1180,24
Lumbini,Japan,Domestic Work,Skilled,Male,18-24,Recruitment Agency,3,Low,0.028,0.061,1,0,4,1478,12
Bagmati,UK,Manufacturing,Unskilled,Male,35-44,Recruitment Agency,6,Medium,0.099,0.113,0,0,6,1085,24
Province 1,Malaysia,Construction,Unskilled,Male,25-34,Recruitment Agency,8,High,0.173,0.283,0,0,2,1432,12
Province 1,Kuwait,Driving,Skilled,Male,25-34,Recruitment Agency,3,Low,0.032,0.041,0,0,4,734,24
Bagmati,UAE,Driving,Semi-skilled,Male,35-44,Recruitment Agency,4,Medium,0.123,0.115,0,0,5,566,12
Sudurpashchim,Oman,Cleaning,Skilled,Male,35-44,Recruitment Agency,0,Low,0.042,0.037,0,0,4,1163,12
Sudurpashchim,UK,Hospitality,Unskilled,Male,25-34,Recruitment Agency,5,Medium,0.089,0.151,0,0,2,903,24
Sudurpashchim,Malaysia,Healthcare,Skilled,Male,25-34,Recruitment Agency,2,Low,0.012,0.02,0,0,3,742,12
Sudurpashchim,Bahrain,Domestic Work,Unskilled,Male,25-34,Recruitment Agency,8,High,0.281,0.279,0,0,3,995,12
Karnali,Saudi Arabia,Manufacturing,Unskilled,Female,25-34,Recruitment Agency,10,High,0.15,0.207,1,1,8,487,24
Sudurpashchim,Qatar,Hospitality,Skilled,Male,25-34,Recruitment Agency,5,Medium,0.099,0.108,1,0,3,1209,24
Lumbini,UAE,Cleaning,Skilled,Male,35-44,Recruitment Agency,3,Low,0.013,0.05,0,0,8,410,12
Madhesh,Bahrain,Manufacturing,Skilled,Female,25-34,Recruitment Agency,4,Medium,0.077,0.102,0,0,5,1376,12
Province 1,Oman,Healthcare,Skilled,Male,25-34,Recruitment Agency,0,Low,0.028,0.069,0,0,4,352,24
Karnali,Malaysia,Cleaning,Skilled,Male,35-44,Recruitment Agency,5,Medium,0.066,0.188,0,0,9,1290,12
Lumbini,UK,Domestic Work,Unskilled,Male,25-34,Recruitment Agency,7,High,0.237,0.27,1,0,9,876,12
Province 1,UAE,Hospitality,Semi-skilled,Female,25-34,Recruitment Agency,6,Medium,0.093,0.191,1,0,1,931,24
Sudurpashchim,Bahrain,Cleaning,Skilled,Male,25-34,Recruitment Agency,0,Low,0.021,0.028,0,0,3,1109,12
Karnali,Bahrain,Hospitality,Skilled,Male,18-24,Recruitment Agency,2,Low,0.035,0.066,0,0,4,330,24
Province 1,South Korea,Driving,Unskilled,Male,18-24,Recruitment Agency,2,Low,0.042,0.065,0,0,3,1351,36
Gandaki,Kuwait,Hospitality,Skilled,Male,18-24,Recruitment Agency,1,Low,0.021,0.042,0,0,5,857,12
Karnali,Japan,Domestic Work,Unskilled,Male,25-34,Recruitment Agency,8,High,0.155,0.31,0,0,9,1039,12
Madhesh,Oman,Construction,Unskilled,Male,35-44,Recruitment Agency,10,High,0.183,0.22,1,0,9,1457,12
Lumbini,South Korea,Construction,Skilled,Male,25-34,Recruitment Agency,3,Low,0.025,0.02,0,0,9,459,24
Province 1,Bahrain,Construction,Unskilled,Male,25-34,Recruitment Agency,8,High,0.195,0.21,0,0,7,815,36
Province 1,Bahrain,Cleaning,Unskilled,Male,25-34,Recruitment Agency,4,Medium,0.146,0.108,0,0,9,806,12
Bagmati,Kuwait,Hospitality,Unskilled,Male,25-34,Recruitment Agency,6,Medium,0.131,0.195,0,1,2,1093,12
Lumbini,Malaysia,Hospitality,Unskilled,Male,25-34,Recruitment Agency,4,Medium,0.146,0.153,0,1,6,897,24
Karnali,UK,Driving,Unskilled,Male,35-44,Recruitment Agency,5,Medium,0.136,0.148,0,0,2,1162,12
Karnali,South Korea,Hospitality,Skilled,Female,25-34,Recruitment Agency,3,Low,0.049,0.054,0,0,6,453,12
Gandaki,Saudi Arabia,Cleaning,Skilled,Female,45+,Recruitment Agency,4,Medium,0.09,0.195,0,0,4,794,12
Bagmati,Bahrain,Construction,Unskilled,Male,35-44,Recruitment Agency,7,High,0.278,0.29,0,0,5,469,12
Madhesh,Bahrain,Manufacturing,Unskilled,Male,18-24,Recruitment Agency,6,Medium,0.098,0.166,0,0,3,428,12
Lumbini,Bahrain,Construction,Skilled,Male,25-34,Recruitment Agency,4,Medium,0.142,0.195,0,0,4,992,12
Gandaki,Qatar,Domestic Work,Skilled,Male,18-24,Individual,7,High,0.226,0.233,1,0,9,1032,12
Bagmati,Japan,Manufacturing,Unskilled,Male,35-44,Recruitment Agency,6,Medium,0.078,0.135,0,0,4,1090,12
Sudurpashchim,UAE,Hospitality,Unskilled,Male,25-34,Recruitment Agency,8,High,0.239,0.205,0,0,1,1006,12
Bagmati,Japan,Healthcare,Unskilled,Male,25-34,Individual,3,Low,0.043,0.051,0,0,5,980,12
Province 1,Oman,Driving,Unskilled,Female,25-34,Recruitment Agency,4,Medium,0.07,0.101,1,0,6,719,24
Lumbini,Bahrain,Domestic Work,Unskilled,Male,18-24,Recruitment Agency,5,Medium,0.075,0.127,0,0,8,1345,12
Lumbini,Japan,Construction,Unskilled,Male,35-44,Recruitment Agency,7,High,0.256,0.225,0,1,9,1084,24
Gandaki,South Korea,Manufacturing,Skilled,Male,45+,Recruitment Agency,1,Low,0.038,0.03,0,0,7,1324,12
Madhesh,Bahrain,Cleaning,Skilled,Male,25-34,Recruitment Agency,3,Low,0.012,0.029,0,0,1,1399,24
Lumbini,Bahrain,Construction,Unskilled,Male,18-24,Recruitment Agency,7,High,0.152,0.317,0,0,7,1027,24
Bagmati,Oman,Construction,Unskilled,Male,35-44,Recruitment Agency,6,Medium,0.1,0.172,0,0,9,1418,12
Sudurpashchim,UAE,Driving,Skilled,Male,35-44,Regularisation,5,Medium,0.081,0.194,0,0,8,1447,12
Gandaki,Kuwait,Manufacturing,Unskilled,Male,25-34,Individual,7,High,0.2,0.31,0,1,9,318,24
Bagmati,UAE,Driving,Unskilled,Female,18-24,Recruitment Agency,5,Medium,0.128,0.173,0,0,4,1352,12
Sudurpashchim,UK,Construction,Skilled,Male,25-34,Regularisation,4,Medium,0.148,0.11,0,0,4,724,12
Province 1,Bahrain,Manufacturing,Semi-skilled,Male,25-34,Recruitment Agency,5,Medium,0.077,0.129,0,1,6,319,12
Karnali,Malaysia,Hospitality,Unskilled,Male,45+,Recruitment Agency,7,High,0.19,0.202,0,0,6,1044,12
Bagmati,UAE,Cleaning,Unskilled,Male,35-44,Recruitment Agency,5,Medium,0.065,0.194,0,0,2,713,24
Gandaki,Qatar,Construction,Unskilled,Female,25-34,Recruitment Agency,9,High,0.218,0.344,1,0,6,956,12
Bagmati,Oman,Domestic Work,Unskilled,Male,35-44,Recruitment Agency,7,High,0.271,0.329,0,0,1,342,24
Madhesh,UAE,Hospitality,Unskilled,Male,18-24,Recruitment Agency,7,High,0.282,0.311,1,1,2,595,12
Madhesh,Saudi Arabia,Driving,Semi-skilled,Male,35-44,Recruitment Agency,7,High,0.206,0.25,0,0,8,686,24
Province 1,Bahrain,Manufacturing,Unskilled,Male,35-44,Recruitment Agency,5,Medium,0.093,0.121,0,0,5,948,12
Bagmati,Kuwait,Domestic Work,Skilled,Male,25-34,Recruitment Agency,5,Medium,0.093,0.144,1,0,6,811,12
Province 1,Malaysia,Driving,Unskilled,Male,25-34,Recruitment Agency,5,Medium,0.053,0.121,1,0,6,1361,12
Lumbini,Kuwait,Construction,Unskilled,Male,25-34,Recruitment Agency,10,High,0.258,0.324,1,0,8,1045,12
Lumbini,UK,Hospitality,Skilled,Male,25-34,Recruitment Agency,0,Low,0.047,0.077,0,0,1,1180,12
Province 1,Oman,Manufacturing,Skilled,Male,35-44,Recruitment Agency,1,Low,0.044,0.061,0,0,6,756,12
Lumbini,Bahrain,Cleaning,Skilled,Male,35-44,Recruitment Agency,1,Low,0.027,0.064,0,0,6,588,12
Karnali,UK,Manufacturing,Unskilled,Male,25-34,Recruitment Agency,8,High,0.183,0.278,1,0,3,417,12
Gandaki,Japan,Manufacturing,Semi-skilled,Male,25-34,Recruitment Agency,4,Medium,0.137,0.168,0,0,6,1229,12
Sudurpashchim,Qatar,Cleaning,Unskilled,Male,35-44,Recruitment Agency,7,High,0.227,0.217,0,0,1,828,24
Bagmati,Saudi Arabia,Healthcare,Skilled,Male,35-44,Recruitment Agency,3,Low,0.02,0.021,0,0,9,798,12
Karnali,South Korea,Healthcare,Unskilled,Male,18-24,Recruitment Agency,5,Medium,0.09,0.148,0,1,2,833,12
Sudurpashchim,South Korea,Hospitality,Skilled,Male,35-44,Recruitment Agency,0,Low,0.013,0.043,0,0,3,302,12
Bagmati,Bahrain,Driving,Unskilled,Male,18-24,Recruitment Agency,4,Medium,0.116,0.171,0,0,2,616,12
Province 1,Malaysia,Construction,Semi-skilled,Male,35-44,Individual,7,High,0.203,0.302,0,0,7,1415,12
Gandaki,Oman,Cleaning,Unskilled,Male,35-44,Recruitment Agency,4,Medium,0.11,0.165,0,1,6,827,12
Bagmati,South Korea,Cleaning,Unskilled,Male,18-24,Recruitment Agency,3,Low,0.03,0.031,0,0,2,1035,12
Karnali,Oman,Construction,Unskilled,Female,35-44,Recruitment Agency,9,High,0.184,0.279,0,0,7,1298,24
Sudurpashchim,Malaysia,Healthcare,Skilled,Male,25-34,Individual,3,Low,0.038,0.042,0,1,5,907,12
Lumbini,Japan,Driving,Skilled,Male,35-44,Regularisation,0,Low,0.046,0.04,0,0,1,1192,12
Bagmati,Malaysia,Hospitality,Unskilled,Male,25-34,Individual,4,Medium,0.136,0.2,0,1,4,758,12
Bagmati,Oman,Manufacturing,Unskilled,Male,35-44,Recruitment Agency,4,Medium,0.073,0.101,0,1,3,814,24
Lumbini,UK,Manufacturing,Semi-skilled,Female,18-24,Recruitment Agency,5,Medium,0.123,0.168,0,0,2,994,24
Sudurpashchim,Kuwait,Manufacturing,Unskilled,Male,25-34,Individual,8,High,0.271,0.307,0,0,7,993,12
Sudurpashchim,Kuwait,Hospitality,Unskilled,Male,25-34,Recruitment Agency,7,High,0.296,0.21,0,0,8,705,12
Sudurpashchim,Qatar,Cleaning,Skilled,Male,25-34,Recruitment Agency,4,Medium,0.128,0.161,0,0,3,1479,12
Karnali,UAE,Cleaning,Skilled,Male,25-34,Individual,5,Medium,0.108,0.159,1,0,1,939,24
Sudurpashchim,Bahrain,Cleaning,Skilled,Male,35-44,Regularisation,2,Low,0.039,0.037,1,0,7,1124,12
Sudurpashchim,Kuwait,Driving,Unskilled,Male,35-44,Recruitment Agency,5,Medium,0.148,0.182,1,0,2,1394,12
Madhesh,Malaysia,Domestic Work,Unskilled,Male,35-44,Recruitment Agency,10,High,0.172,0.346,0,1,8,409,24
Lumbini,Japan,Hospitality,Skilled,Male,18-24,Recruitment Agency,0,Low,0.022,0.079,0,1,8,1089,12
Sudurpashchim,Kuwait,Driving,Skilled,Male,35-44,Recruitment Agency,4,Medium,0.05,0.117,0,0,7,405,12
Madhesh,South Korea,Driving,Skilled,Male,18-24,Individual,3,Low,0.05,0.06,0,0,9,339,12
Bagmati,Kuwait,Domestic Work,Unskilled,Male,35-44,Recruitment Agency,8,High,0.276,0.254,0,0,9,523,12
Lumbini,Qatar,Construction,Unskilled,Male,25-34,Recruitment Agency,9,High,0.227,0.33,0,0,6,419,12
Karnali,Saudi Arabia,Hospitality,Unskilled,Male,25-34,Recruitment Agency,8,High,0.241,0.286,0,1,3,998,12
Bagmati,Kuwait,Driving,Skilled,Male,25-34,Recruitment Agency,3,Low,0.019,0.072,1,0,2,575,12
Province 1,Oman,Hospitality,Unskilled,Male,35-44,Recruitment Agency,2,Low,0.022,0.034,0,0,7,455,24
Sudurpashchim,UAE,Driving,Unskilled,Male,35-44,Recruitment Agency,8,High,0.29,0.256,0,0,7,1148,12
Gandaki,South Korea,Hospitality,Unskilled,Male,35-44,Recruitment Agency,4,Medium,0.113,0.128,0,0,2,439,24
Karnali,South Korea,Construction,Unskilled,Female,18-24,Recruitment Agency,8,High,0.242,0.23,0,1,5,723,36
Karnali,Oman,Domestic Work,Unskilled,Male,25-34,Recruitment Agency,9,High,0.229,0.316,1,0,8,1170,12
Province 1,Oman,Manufacturing,Unskilled,Male,35-44,Recruitment Agency,5,Medium,0.145,0.188,0,0,4,1276,24
Sudurpashchim,Saudi Arabia,Domestic Work,Unskilled,Male,45+,Recruitment Agency,10,High,0.277,0.213,0,0,2,1199,12
Bagmati,South Korea,Healthcare,Unskilled,Male,25-34,Recruitment Agency,4,Medium,0.147,0.145,0,0,4,1333,12
Lumbini,Saudi Arabia,Domestic Work,Skilled,Male,25-34,Recruitment Agency,7,High,0.182,0.3,0,0,7,1455,12
Sudurpashchim,Qatar,Driving,Unskilled,Male,35-44,Recruitment Agency,7,High,0.241,0.329,0,1,4,1274,12
Lumbini,Japan,Construction,Unskilled,Male,25-34,Recruitment Agency,8,High,0.202,0.31,0,0,7,491,24
Madhesh,UK,Construction,Skilled,Male,25-34,Recruitment Agency,7,High,0.27,0.216,1,0,5,884,24
Madhesh,Qatar,Hospitality,Skilled,Male,25-34,Recruitment Agency,6,Medium,0.067,0.157,0,0,9,914,36
Lumbini,Japan,Healthcare,Unskilled,Male,25-34,Recruitment Agency,2,Low,0.038,0.047,0,0,6,704,24
Karnali,Oman,Manufacturing,Unskilled,Male,18-24,Recruitment Agency,8,High,0.158,0.284,0,0,3,665,12
Lumbini,Oman,Cleaning,Unskilled,Male,25-34,Individual,2,Low,0.018,0.021,0,0,5,1285,12
Karnali,UAE,Domestic Work,Unskilled,Female,18-24,Recruitment Agency,10,High,0.16,0.263,0,0,1,718,12
Gandaki,Saudi Arabia,Domestic Work,Skilled,Male,45+,Recruitment Agency,5,Medium,0.094,0.19,0,0,5,1179,12
Karnali,Malaysia,Manufacturing,Unskilled,Female,35-44,Recruitment Agency,8,High,0.183,0.278,0,0,9,1261,24
Gandaki,Saudi Arabia,Healthcare,Skilled,Male,18-24,Recruitment Agency,4,Medium,0.059,0.131,0,0,7,752,12
Madhesh,Malaysia,Cleaning,Skilled,Male,25-34,Recruitment Agency,4,Medium,0.075,0.155,0,0,3,1429,12
Province 1,Malaysia,Healthcare,Unskilled,Male,25-34,Recruitment Agency,4,Medium,0.136,0.182,0,0,3,375,24
Province 1,UAE,Construction,Unskilled,Male,25-34,Recruitment Agency,10,High,0.243,0.233,0,1,8,667,12
Madhesh,UK,Construction,Skilled,Male,25-34,Recruitment Agency,7,High,0.152,0.299,0,1,5,984,12
Province 1,UAE,Hospitality,Unskilled,Female,25-34,Individual,7,High,0.156,0.286,0,1,4,1298,12
Madhesh,Japan,Healthcare,Unskilled,Male,35-44,Recruitment Agency,6,Medium,0.055,0.143,0,0,5,819,36
Gandaki,Oman,Cleaning,Skilled,Male,18-24,Recruitment Agency,1,Low,0.018,0.065,0,0,4,760,12
Lumbini,Bahrain,Hospitality,Semi-skilled,Male,25-34,Individual,3,Low,0.024,0.045,0,0,7,333,12
Karnali,Oman,Cleaning,Unskilled,Male,25-34,Recruitment Agency,6,Medium,0.08,0.123,0,0,9,687,12
Lumbini,Malaysia,Healthcare,Skilled,Male,18-24,Recruitment Agency,2,Low,0.011,0.079,0,0,3,740,12
Sudurpashchim,Saudi Arabia,Healthcare,Unskilled,Male,25-34,Recruitment Agency,7,High,0.214,0.25,1,0,8,428,12
Lumbini,Malaysia,Healthcare,Unskilled,Male,18-24,Recruitment Agency,6,Medium,0.097,0.149,0,0,8,1431,12
Bagmati,Japan,Domestic Work,Skilled,Male,25-34,Recruitment Agency,4,Medium,0.118,0.159,0,0,6,1419,12
Gandaki,UK,Construction,Skilled,Male,25-34,Recruitment Agency,4,Medium,0.075,0.165,0,1,2,1483,12
Madhesh,Japan,Construction,Unskilled,Male,25-34,Recruitment Agency,8,High,0.189,0.204,0,1,2,868,36
Lumbini,Kuwait,Hospitality,Unskilled,Male,25-34,Recruitment Agency,4,Medium,0.057,0.109,0,0,8,335,36
Karnali,Malaysia,Construction,Unskilled,Male,35-44,Recruitment Agency,10,High,0.237,0.238,0,0,3,1009,24
Province 1,Bahrain,Driving,Unskilled,Male,35-44,Recruitment Agency,4,Medium,0.059,0.183,0,0,8,1067,24
Sudurpashchim,Qatar,Cleaning,Skilled,Male,35-44,Recruitment Agency,5,Medium,0.065,0.109,0,0,6,1136,12
Province 1,Japan,Healthcare,Unskilled,Male,25-34,Recruitment Agency,4,Medium,0.133,0.198,1,0,3,492,12
Lumbini,Qatar,Construction,Unskilled,Male,35-44,Recruitment Agency,9,High,0.254,0.255,1,0,4,1396,24
Bagmati,Oman,Manufacturing,Skilled,Male,25-34,Recruitment Agency,1,Low,0.037,0.066,0,0,8,1157,12
Madhesh,Bahrain,Manufacturing,Unskilled,Male,25-34,Individual,8,High,0.275,0.346,1,1,6,909,12
Karnali,Malaysia,Driving,Skilled,Male,35-44,Recruitment Agency,5,Medium,0.131,0.158,0,0,9,951,12
Lumbini,Kuwait,Driving,Skilled,Female,25-34,Recruitment Agency,1,Low,0.041,0.062,0,0,6,728,12
Gandaki,South Korea,Domestic Work,Skilled,Male,25-34,Regularisation,2,Low,0.03,0.03,0,0,8,1246,12
Bagmati,Kuwait,Driving,Skilled,Male,18-24,Recruitment Agency,3,Low,0.027,0.064,0,0,2,1041,24
Province 1,Qatar,Hospitality,Unskilled,Male,25-34,Individual,5,Medium,0.112,0.17,0,1,8,1219,24
Madhesh,Malaysia,Manufacturing,Skilled,Male,18-24,Recruitment Agency,5,Medium,0.09,0.13,0,0,1,603,12
Sudurpashchim,South Korea,Hospitality,Unskilled,Male,35-44,Recruitment Agency,4,Medium,0.113,0.183,0,1,7,1413,12
Karnali,Japan,Driving,Unskilled,Male,25-34,Recruitment Agency,5,Medium,0.144,0.167,0,1,9,704,12
Lumbini,Qatar,Manufacturing,Unskilled,Male,25-34,Recruitment Agency,9,High,0.207,0.208,0,0,1,663,12
Madhesh,Malaysia,Manufacturing,Semi-skilled,Male,35-44,Recruitment Agency,7,High,0.16,0.233,0,1,7,523,12
Sudurpashchim,Qatar,Construction,Unskilled,Male,25-34,Recruitment Agency,10,High,0.241,0.315,0,1,3,1077,12
Sudurpashchim,Saudi Arabia,Driving,Unskilled,Male,35-44,Recruitment Agency,6,Medium,0.098,0.138,0,1,8,1339,12
Province 1,Kuwait,Construction,Skilled,Male,25-34,Individual,6,Medium,0.069,0.154,0,0,8,605,12
Province 1,UK,Driving,Unskilled,Male,35-44,Individual,2,Low,0.012,0.061,0,0,2,1415,24
Bagmati,South Korea,Hospitality,Semi-skilled,Male,25-34,Recruitment Agency,1,Low,0.014,0.077,0,0,5,447,12
Sudurpashchim,UAE,Domestic Work,Semi-skilled,Male,25-34,Recruitment Agency,10,High,0.288,0.211,0,0,5,837,24
Karnali,Japan,Construction,Skilled,Male,25-34,Recruitment Agency,6,Medium,0.068,0.18,0,0,3,1190,12
Karnali,Qatar,Cleaning,Skilled,Male,25-34,Recruitment Agency,6,Medium,0.096,0.168,1,0,3,743,36
Gandaki,Bahrain,Healthcare,Semi-skilled,Male,25-34,Recruitment Agency,1,Low,0.05,0.032,0,0,2,612,12
Bagmati,UAE,Manufacturing,Skilled,Male,25-34,Recruitment Agency,6,Medium,0.128,0.156,0,0,8,411,12
Province 1,Bahrain,Hospitality,Unskilled,Male,25-34,Recruitment Agency,2,Low,0.038,0.031,0,0,6,1398,12
Bagmati,Bahrain,Cleaning,Unskilled,Male,18-24,Recruitment Agency,3,Low,0.039,0.042,0,0,1,807,12
Madhesh,South Korea,Domestic Work,Skilled,Male,25-34,Recruitment Agency,4,Medium,0.125,0.191,0,0,7,644,12
Karnali,Kuwait,Domestic Work,Unskilled,Male,25-34,Recruitment Agency,10,High,0.163,0.226,0,0,9,778,12
Sudurpashchim,Japan,Construction,Unskilled,Male,35-44,Recruitment Agency,7,High,0.153,0.223,0,0,2,824,12
Lumbini,UK,Cleaning,Unskilled,Male,25-34,Recruitment Agency,4,Medium,0.073,0.19,0,0,8,952,24
Madhesh,Japan,Construction,Skilled,Male,18-24,Recruitment Agency,7,High,0.243,0.321,0,0,9,1098,36
Gandaki,Bahrain,Construction,Unskilled,Female,25-34,Recruitment Agency,7,High,0.236,0.231,0,0,5,1278,12
Gandaki,Saudi Arabia,Driving,Unskilled,Male,35-44,Recruitment Agency,5,Medium,0.087,0.175,0,0,7,766,24
Sudurpashchim,Oman,Manufacturing,Unskilled,Male,35-44,Recruitment Agency,7,High,0.281,0.245,0,1,8,1213,36
Lumbini,South Korea,Healthcare,Unskilled,Male,18-24,Recruitment Agency,3,Low,0.02,0.038,1,0,5,865,24
Karnali,Japan,Manufacturing,Skilled,Male,25-34,Recruitment Agency,5,Medium,0.13,0.199,0,0,3,536,12
Bagmati,Qatar,Manufacturing,Unskilled,Male,25-34,Recruitment Agency,9,High,0.175,0.325,0,0,1,523,36
Sudurpashchim,Saudi Arabia,Hospitality,Unskilled,Male,35-44,Recruitment Agency,6,Medium,0.086,0.188,0,0,6,1350,24
Gandaki,Bahrain,Healthcare,Unskilled,Female,25-34,Regularisation,2,Low,0.015,0.079,0,0,2,378,12
Province 1,UAE,Domestic Work,Unskilled,Male,18-24,Recruitment Agency,10,High,0.168,0.262,0,0,9,1417,12
Lumbini,Kuwait,Driving,Unskilled,Male,25-34,Individual,5,Medium,0.117,0.114,0,0,6,892,36
Lumbini,Kuwait,Hospitality,Unskilled,Male,25-34,Individual,4,Medium,0.07,0.142,0,0,6,973,12
Karnali,Qatar,Domestic Work,Skilled,Male,25-34,Recruitment Agency,7,High,0.168,0.277,0,0,9,527,36
Karnali,UAE,Healthcare,Skilled,Male,25-34,Recruitment Agency,4,Medium,0.089,0.18,0,0,2,1218,24
Karnali,UK,Domestic Work,Unskilled,Female,25-34,Recruitment Agency,10,High,0.298,0.313,0,0,5,773,12
Bagmati,UK,Manufacturing,Unskilled,Male,25-34,Recruitment Agency,6,Medium,0.05,0.131,0,0,9,1250,12
Karnali,Oman,Manufacturing,Skilled,Male,25-34,Recruitment Agency,3,Low,0.031,0.07,0,0,7,1284,24
Karnali,Saudi Arabia,Healthcare,Unskilled,Male,35-44,Recruitment Agency,9,High,0.264,0.206,1,0,5,791,12
Karnali,Japan,Domestic Work,Unskilled,Male,35-44,Regularisation,8,High,0.225,0.202,0,0,2,1113,36
Karnali,Bahrain,Manufacturing,Skilled,Male,35-44,Recruitment Agency,3,Low,0.03,0.068,0,0,6,510,12
Lumbini,Qatar,Healthcare,Skilled,Male,18-24,Recruitment Agency,4,Medium,0.145,0.135,0,0,2,1147,36
Sudurpashchim,UK,Manufacturing,Skilled,Male,35-44,Recruitment Agency,3,Low,0.028,0.052,0,0,9,1324,12
Gandaki,Oman,Healthcare,Skilled,Male,18-24,Recruitment Agency,0,Low,0.043,0.043,0,0,8,1019,24
Sudurpashchim,Qatar,Driving,Unskilled,Male,25-34,Recruitment Agency,8,High,0.166,0.333,1,0,1,1014,12
Lumbini,Kuwait,Driving,Unskilled,Male,35-44,Individual,5,Medium,0.08,0.109,0,0,9,1135,36
Lumbini,UAE,Driving,Unskilled,Male,18-24,Recruitment Agency,5,Medium,0.094,0.128,0,0,2,372,24
Lumbini,Malaysia,Domestic Work,Unskilled,Male,25-34,Recruitment Agency,9,High,0.282,0.207,1,0,4,837,12
Madhesh,Qatar,Domestic Work,Skilled,Male,35-44,Recruitment Agency,7,High,0.286,0.285,0,0,7,965,12
Gandaki,Malaysia,Cleaning,Semi-skilled,Male,18-24,Individual,3,Low,0.04,0.047,0,0,7,1159,24
Gandaki,Bahrain,Construction,Unskilled,Male,25-34,Recruitment Agency,7,High,0.194,0.312,0,0,2,697,24
Province 1,UK,Hospitality,Unskilled,Male,25-34,Individual,3,Low,0.028,0.027,0,0,7,603,12
Gandaki,Malaysia,Manufacturing,Skilled,Male,25-34,Recruitment Agency,4,Medium,0.136,0.142,0,0,4,577,12
Gandaki,Oman,Driving,Unskilled,Male,18-24,Recruitment Agency,4,Medium,0.084,0.187,0,1,3,677,24
Lumbini,Kuwait,Construction,Skilled,Male,35-44,Recruitment Agency,5,Medium,0.102,0.175,0,0,7,1337,24
Karnali,Bahrain,Driving,Unskilled,Male,25-34,Recruitment Agency,4,Medium,0.062,0.13,0,0,5,513,24
Madhesh,Kuwait,Manufacturing,Skilled,Male,25-34,Individual,6,Medium,0.068,0.133,0,0,5,1039,12
Gandaki,Japan,Hospitality,Unskilled,Male,35-44,Recruitment Agency,3,Low,0.044,0.065,0,0,7,434,12
Madhesh,Oman,Driving,Unskilled,Male,25-34,Recruitment Agency,5,Medium,0.142,0.101,0,1,8,369,24
Karnali,Bahrain,Construction,Unskilled,Male,18-24,Recruitment Agency,8,High,0.219,0.327,0,0,9,1142,24
Province 1,Malaysia,Driving,Unskilled,Male,25-34,Recruitment Agency,6,Medium,0.094,0.184,1,0,2,1320,12
Karnali,Japan,Cleaning,Skilled,Male,45+,Recruitment Agency,3,Low,0.041,0.078,0,0,4,1365,24
Lumbini,Saudi Arabia,Domestic Work,Skilled,Male,18-24,Recruitment Agency,5,Medium,0.06,0.142,0,0,6,1336,12
Bagmati,UK,Manufacturing,Unskilled,Male,25-34,Recruitment Agency,5,Medium,0.052,0.196,0,0,8,315,12
Karnali,South Korea,Healthcare,Skilled,Male,25-34,Recruitment Agency,2,Low,0.039,0.036,0,0,3,554,24
Gandaki,Kuwait,Driving,Unskilled,Male,25-34,Recruitment Agency,5,Medium,0.144,0.2,0,0,7,934,12
Lumbini,Malaysia,Healthcare,Unskilled,Male,18-24,Recruitment Agency,5,Medium,0.132,0.189,0,0,8,398,12
Karnali,UAE,Cleaning,Unskilled,Male,25-34,Recruitment Agency,8,High,0.205,0.341,0,0,3,676,12
Sudurpashchim,Kuwait,Cleaning,Unskilled,Male,35-44,Regularisation,6,Medium,0.148,0.164,0,0,3,872,24
Bagmati,Saudi Arabia,Driving,Unskilled,Male,18-24,Recruitment Agency,5,Medium,0.109,0.149,0,0,4,1392,12
Province 1,Bahrain,Domestic Work,Unskilled,Female,18-24,Recruitment Agency,9,High,0.237,0.301,0,1,9,1135,12
Madhesh,Qatar,Healthcare,Skilled,Male,25-34,Recruitment Agency,6,Medium,0.148,0.142,0,0,4,1259,12
Karnali,Malaysia,Manufacturing,Skilled,Male,18-24,Individual,5,Medium,0.15,0.143,0,0,7,1407,12
Gandaki,Kuwait,Cleaning,Unskilled,Male,18-24,Recruitment Agency,4,Medium,0.115,0.162,0,0,7,727,12
Bagmati,UAE,Domestic Work,Unskilled,Female,25-34,Recruitment Agency,10,High,0.199,0.208,0,0,5,691,12
Province 1,Bahrain,Driving,Unskilled,Male,18-24,Recruitment Agency,2,Low,0.012,0.021,0,0,3,1315,24
Lumbini,Qatar,Hospitality,Unskilled,Male,25-34,Recruitment Agency,6,Medium,0.141,0.179,1,0,4,1215,12
Province 1,Kuwait,Cleaning,Semi-skilled,Male,25-34,Recruitment Agency,3,Low,0.043,0.063,0,0,9,938,12
Lumbini,Bahrain,Hospitality,Unskilled,Male,25-34,Recruitment Agency,2,Low,0.029,0.063,0,0,2,574,36
Sudurpashchim,Oman,Healthcare,Skilled,Female,25-34,Recruitment Agency,0,Low,0.011,0.035,0,0,5,1057,12
Province 1,Bahrain,Hospitality,Unskilled,Male,25-34,Recruitment Agency,2,Low,0.044,0.05,0,0,2,1380,24
Madhesh,Qatar,Driving,Skilled,Male,25-34,Individual,4,Medium,0.14,0.103,0,0,3,1399,24
Lumbini,Qatar,Cleaning,Unskilled,Male,25-34,Recruitment Agency,7,High,0.178,0.227,1,0,7,1288,12
Karnali,UAE,Healthcare,Unskilled,Male,25-34,Recruitment Agency,9,High,0.209,0.33,0,1,4,466,36
Province 1,UAE,Manufacturing,Unskilled,Male,25-34,Recruitment Agency,7,High,0.158,0.207,0,0,5,477,12
Gandaki,Bahrain,Domestic Work,Skilled,Male,18-24,Recruitment Agency,3,Low,0.041,0.044,0,0,2,1009,12
Lumbini,UK,Manufacturing,Unskilled,Male,25-34,Recruitment Agency,5,Medium,0.131,0.142,0,1,1,1327,12
Province 1,Malaysia,Driving,Skilled,Male,25-34,Regularisation,1,Low,0.019,0.042,0,0,9,1168,12
Karnali,Saudi Arabia,Healthcare,Unskilled,Male,25-34,Recruitment Agency,7,High,0.279,0.327,0,1,9,1069,12
Gandaki,UAE,Hospitality,Unskilled,Male,25-34,Recruitment Agency,6,Medium,0.08,0.181,0,0,7,1336,12
Lumbini,Japan,Domestic Work,Unskilled,Male,25-34,Recruitment Agency,5,Medium,0.05,0.126,0,0,4,461,12
Sudurpashchim,Bahrain,Cleaning,Unskilled,Male,25-34,Recruitment Agency,3,Low,0.012,0.047,0,0,7,1414,24
Karnali,UAE,Driving,Skilled,Male,25-34,Recruitment Agency,4,Medium,0.133,0.158,0,1,6,672,24
Bagmati,UK,Healthcare,Unskilled,Male,25-34,Recruitment Agency,3,Low,0.019,0.026,0,0,5,1415,24
Lumbini,Malaysia,Cleaning,Unskilled,Male,35-44,Recruitment Agency,6,Medium,0.072,0.144,0,0,5,523,24
Sudurpashchim,Saudi Arabia,Construction,Skilled,Male,25-34,Recruitment Agency,8,High,0.201,0.35,0,1,1,320,12
Karnali,UAE,Manufacturing,Unskilled,Male,25-34,Regularisation,10,High,0.247,0.219,0,0,3,1002,12
Madhesh,UK,Cleaning,Skilled,Male,25-34,Recruitment Agency,2,Low,0.047,0.058,0,0,1,686,12
Karnali,UK,Cleaning,Skilled,Male,18-24,Recruitment Agency,3,Low,0.021,0.039,0,0,4,346,24
Sudurpashchim,Kuwait,Domestic Work,Skilled,Male,35-44,Recruitment Agency,6,Medium,0.107,0.114,0,0,6,832,12
Karnali,Kuwait,Hospitality,Unskilled,Male,18-24,Recruitment Agency,7,High,0.201,0.282,0,1,4,1185,12
Sudurpashchim,Bahrain,Construction,Skilled,Male,25-34,Recruitment Agency,5,Medium,0.07,0.2,0,0,3,1287,12
Sudurpashchim,Kuwait,Domestic Work,Unskilled,Male,35-44,Recruitment Agency,10,High,0.254,0.246,1,0,9,1448,24
Lumbini,UK,Driving,Skilled,Male,35-44,Recruitment Agency,0,Low,0.043,0.023,0,0,1,1062,36
Gandaki,South Korea,Healthcare,Skilled,Male,25-34,Individual,0,Low,0.035,0.023,0,0,4,315,24
Bagmati,Oman,Healthcare,Unskilled,Male,35-44,Recruitment Agency,4,Medium,0.133,0.149,0,1,2,1426,36
Madhesh,Bahrain,Healthcare,Unskilled,Female,35-44,Recruitment Agency,6,Medium,0.138,0.12,0,0,4,797,24
Gandaki,Qatar,Hospitality,Unskilled,Male,25-34,Recruitment Agency,6,Medium,0.084,0.157,0,0,8,918,24
Lumbini,Kuwait,Hospitality,Unskilled,Female,25-34,Recruitment Agency,4,Medium,0.066,0.112,0,1,7,1121,12
Province 1,Saudi Arabia,Construction,Unskilled,Male,45+,Regularisation,10,High,0.254,0.301,0,1,4,1054,12
Bagmati,Kuwait,Domestic Work,Unskilled,Male,25-34,Recruitment Agency,9,High,0.183,0.212,0,0,5,1112,12
Province 1,Qatar,Hospitality,Unskilled,Male,25-34,Recruitment Agency,5,Medium,0.05,0.116,0,0,4,381,12
Province 1,Bahrain,Manufacturing,Skilled,Male,25-34,Recruitment Agency,2,Low,0.017,0.023,0,1,9,1297,12
Sudurpashchim,Qatar,Hospitality,Unskilled,Male,45+,Recruitment Agency,7,High,0.269,0.22,1,0,2,503,24
Madhesh,South Korea,Cleaning,Unskilled,Male,35-44,Recruitment Agency,5,Medium,0.092,0.151,0,1,2,1108,24
Sudurpashchim,UAE,Domestic Work,Unskilled,Male,18-24,Recruitment Agency,10,High,0.256,0.31,0,1,6,1185,12
Lumbini,Saudi Arabia,Domestic Work,Skilled,Male,35-44,Recruitment Agency,6,Medium,0.13,0.16,0,0,2,896,24
Gandaki,Oman,Cleaning,Unskilled,Male,35-44,Recruitment Agency,4,Medium,0.067,0.162,0,0,3,1072,12
Bagmati,Bahrain,Manufacturing,Unskilled,Male,35-44,Recruitment Agency,5,Medium,0.103,0.12,0,0,1,666,36
Sudurpashchim,UK,Hospitality,Unskilled,Male,25-34,Recruitment Agency,3,Low,0.043,0.045,0,0,2,416,24
Lumbini,Bahrain,Construction,Unskilled,Male,35-44,Individual,7,High,0.194,0.33,0,0,1,745,12
Karnali,Oman,Driving,Skilled,Male,25-34,Recruitment Agency,3,Low,0.035,0.074,0,0,5,550,12
Gandaki,UAE,Construction,Skilled,Male,18-24,Recruitment Agency,7,High,0.169,0.257,0,0,3,622,12
Province 1,Malaysia,Hospitality,Skilled,Male,18-24,Recruitment Agency,2,Low,0.029,0.078,0,0,5,1496,12
Bagmati,Oman,Hospitality,Professional,Male,25-34,Recruitment Agency,0,Low,0.02,0.037,0,0,3,1069,12
Madhesh,Oman,Healthcare,Skilled,Male,18-24,Recruitment Agency,3,Low,0.036,0.065,0,0,6,1472,24
Lumbini,UK,Manufacturing,Unskilled,Male,25-34,Recruitment Agency,4,Medium,0.117,0.169,0,0,6,514,24
Province 1,Kuwait,Manufacturing,Unskilled,Male,25-34,Individual,7,High,0.231,0.286,0,1,7,1453,24
Bagmati,Saudi Arabia,Domestic Work,Skilled,Male,35-44,Recruitment Agency,5,Medium,0.145,0.19,0,1,9,1227,12
Province 1,South Korea,Manufacturing,Skilled,Male,18-24,Recruitment Agency,1,Low,0.019,0.056,0,0,7,996,24
Bagmati,Kuwait,Hospitality,Unskilled,Male,25-34,Recruitment Agency,5,Medium,0.137,0.152,0,0,7,1241,36
Karnali,Japan,Healthcare,Unskilled,Male,25-34,Recruitment Agency,6,Medium,0.06,0.162,0,0,6,468,24
Madhesh,Qatar,Domestic Work,Skilled,Male,35-44,Recruitment Agency,9,High,0.214,0.224,1,0,9,700,12
Bagmati,Qatar,Domestic Work,Unskilled,Male,35-44,Recruitment Agency,10,High,0.27,0.251,1,0,9,1228,36
Karnali,Qatar,Manufacturing,Unskilled,Male,45+,Recruitment Agency,9,High,0.229,0.284,1,0,1,891,24
Bagmati,UK,Driving,Unskilled,Male,18-24,Recruitment Agency,3,Low,0.023,0.037,0,0,9,736,12
Bagmati,Malaysia,Driving,Unskilled,Male,18-24,Recruitment Agency,4,Medium,0.07,0.174,0,0,8,1290,12
Province 1,Japan,Hospitality,Unskilled,Male,25-34,Individual,2,Low,0.033,0.064,0,0,9,807,12
Gandaki,Oman,Domestic Work,Unskilled,Male,35-44,Recruitment Agency,7,High,0.208,0.326,0,1,5,976,24
Madhesh,UK,Hospitality,Unskilled,Male,35-44,Recruitment Agency,5,Medium,0.143,0.164,0,1,5,738,12
Karnali,Oman,Domestic Work,Skilled,Female,35-44,Recruitment Agency,8,High,0.251,0.226,0,1,3,859,24
Gandaki,Malaysia,Hospitality,Unskilled,Male,25-34,Regularisation,4,Medium,0.075,0.149,1,1,1,1267,24
Province 1,UAE,Driving,Unskilled,Male,25-34,Recruitment Agency,5,Medium,0.083,0.172,0,0,1,1305,12
Karnali,UAE,Cleaning,Unskilled,Male,18-24,Recruitment Agency,9,High,0.15,0.296,1,0,8,679,12
Lumbini,UAE,Manufacturing,Skilled,Male,25-34,Recruitment Agency,4,Medium,0.143,0.148,0,0,5,399,24
Province 1,UAE,Driving,Unskilled,Male,35-44,Recruitment Agency,6,Medium,0.065,0.18,0,1,5,1053,36
Madhesh,UAE,Hospitality,Unskilled,Male,25-34,Recruitment Agency,7,High,0.233,0.226,0,0,3,1074,24
Sudurpashchim,UAE,Domestic Work,Skilled,Male,35-44,Recruitment Agency,8,High,0.241,0.225,1,0,7,634,12
Madhesh,Malaysia,Manufacturing,Unskilled,Female,18-24,Recruitment Agency,10,High,0.275,0.232,1,0,2,1015,36
Bagmati,Japan,Hospitality,Skilled,Male,35-44,Recruitment Agency,0,Low,0.037,0.047,0,0,1,922,24
Sudurpashchim,Japan,Cleaning,Semi-skilled,Male,18-24,Recruitment Agency,4,Medium,0.088,0.144,0,1,9,675,24
Madhesh,Bahrain,Healthcare,Unskilled,Male,35-44,Recruitment Agency,4,Medium,0.079,0.167,1,0,7,534,24
Karnali,Oman,Driving,Unskilled,Male,25-34,Recruitment Agency,5,Medium,0.103,0.181,0,0,9,743,12
Lumbini,Kuwait,Domestic Work,Skilled,Male,25-34,Recruitment Agency,6,Medium,0.101,0.155,0,0,3,1206,12
Province 1,Qatar,Construction,Skilled,Male,18-24,Recruitment Agency,8,High,0.213,0.214,0,0,8,1102,24
Sudurpashchim,Oman,Manufacturing,Skilled,Male,25-34,Recruitment Agency,4,Medium,0.077,0.198,1,0,7,530,36
Madhesh,Japan,Construction,Unskilled,Female,35-44,Recruitment Agency,10,High,0.181,0.327,0,1,8,762,12
Madhesh,Kuwait,Construction,Unskilled,Male,35-44,Recruitment Agency,10,High,0.181,0.206,0,0,5,967,24
Bagmati,Saudi Arabia,Healthcare,Unskilled,Male,35-44,Recruitment Agency,7,High,0.299,0.24,0,0,1,636,36
Karnali,Japan,Healthcare,Skilled,Male,45+,Recruitment Agency,3,Low,0.042,0.055,0,1,6,1160,36
Madhesh,Bahrain,Construction,Unskilled,Male,25-34,Recruitment Agency,8,High,0.26,0.32,1,0,8,481,12
Lumbini,UAE,Construction,Unskilled,Male,25-34,Individual,10,High,0.26,0.238,0,0,7,948,36
Lumbini,Oman,Driving,Skilled,Male,45+,Recruitment Agency,1,Low,0.018,0.029,0,0,2,541,36
Province 1,Oman,Driving,Unskilled,Male,18-24,Recruitment Agency,3,Low,0.035,0.044,0,0,1,1126,12
Gandaki,UAE,Cleaning,Unskilled,Male,25-34,Recruitment Agency,7,High,0.292,0.309,0,0,2,1295,12
Karnali,Kuwait,Manufacturing,Skilled,Male,25-34,Recruitment Agency,7,High,0.296,0.217,0,1,1,695,12
Sudurpashchim,Bahrain,Construction,Unskilled,Male,35-44,Recruitment Agency,9,High,0.154,0.233,1,0,9,1335,24
Gandaki,Malaysia,Hospitality,Skilled,Male,35-44,Individual,2,Low,0.047,0.032,0,0,2,826,12
Madhesh,Bahrain,Hospitality,Unskilled,Male,18-24,Recruitment Agency,6,Medium,0.057,0.2,0,0,2,1014,36
Lumbini,UK,Healthcare,Skilled,Male,25-34,Recruitment Agency,1,Low,0.046,0.048,0,0,7,1476,24
Province 1,Saudi Arabia,Driving,Unskilled,Male,25-34,Recruitment Agency,5,Medium,0.082,0.148,1,0,1,904,12
Madhesh,Kuwait,Construction,Unskilled,Male,35-44,Recruitment Agency,10,High,0.251,0.228,0,0,7,767,12
Gandaki,Qatar,Cleaning,Skilled,Male,35-44,Recruitment Agency,2,Low,0.025,0.054,0,0,2,857,12
Lumbini,Qatar,Cleaning,Unskilled,Male,35-44,Recruitment Agency,6,Medium,0.08,0.138,0,1,1,1107,12
Province 1,Bahrain,Hospitality,Unskilled,Male,25-34,Recruitment Agency,3,Low,0.015,0.028,0,0,9,1048,12
Province 1,Oman,Domestic Work,Skilled,Male,25-34,Recruitment Agency,2,Low,0.027,0.032,0,0,1,601,12
Gandaki,Oman,Manufacturing,Unskilled,Male,25-34,Recruitment Agency,6,Medium,0.091,0.114,0,0,7,999,24
Sudurpashchim,Saudi Arabia,Manufacturing,Unskilled,Male,35-44,Recruitment Agency,10,High,0.225,0.239,0,0,2,893,12
Madhesh,Japan,Hospitality,Unskilled,Male,25-34,Recruitment Agency,5,Medium,0.057,0.173,0,0,7,448,24
Sudurpashchim,Oman,Hospitality,Unskilled,Male,18-24,Recruitment Agency,3,Low,0.036,0.072,0,0,8,737,12
Karnali,Qatar,Construction,Skilled,Male,25-34,Recruitment Agency,8,High,0.254,0.202,0,1,3,684,12
Madhesh,UK,Domestic Work,Unskilled,Male,25-34,Recruitment Agency,9,High,0.207,0.245,0,0,4,467,12
Province 1,South Korea,Driving,Unskilled,Male,25-34,Recruitment Agency,4,Medium,0.092,0.109,0,0,5,786,24
Lumbini,Qatar,Domestic Work,Skilled,Male,25-34,Recruitment Agency,5,Medium,0.146,0.181,0,0,4,336,12
Province 1,UAE,Cleaning,Unskilled,Female,25-34,Recruitment Agency,5,Medium,0.126,0.179,0,0,9,999,24
Bagmati,South Korea,Cleaning,Unskilled,Male,45+,Recruitment Agency,2,Low,0.033,0.03,0,0,9,359,12
Province 1,Saudi Arabia,Hospitality,Unskilled,Male,25-34,Recruitment Agency,5,Medium,0.104,0.156,0,0,5,1351,24
Karnali,Saudi Arabia,Driving,Skilled,Male,25-34,Recruitment Agency,5,Medium,0.109,0.114,0,0,4,1461,24
Madhesh,Qatar,Domestic Work,Unskilled,Male,25-34,Recruitment Agency,10,High,0.166,0.303,0,1,1,1208,12
Gandaki,UK,Manufacturing,Unskilled,Male,25-34,Recruitment Agency,4,Medium,0.124,0.143,0,1,1,1343,24
Madhesh,Kuwait,Construction,Unskilled,Female,35-44,Recruitment Agency,10,High,0.24,0.321,0,0,2,1453,12
Madhesh,Qatar,Cleaning,Unskilled,Male,35-44,Recruitment Agency,9,High,0.227,0.338,0,0,5,598,36
Lumbini,UAE,Construction,Skilled,Male,25-34,Recruitment Agency,7,High,0.286,0.229,0,1,7,444,24
Bagmati,Qatar,Driving,Unskilled,Male,25-34,Recruitment Agency,6,Medium,0.149,0.163,0,0,9,322,24
Province 1,UAE,Domestic Work,Semi-skilled,Female,25-34,Recruitment Agency,10,High,0.214,0.31,0,0,6,1419,12
Madhesh,Kuwait,Construction,Unskilled,Male,35-44,Recruitment Agency,10,High,0.278,0.201,0,0,9,319,12
Madhesh,Qatar,Driving,Unskilled,Male,25-34,Recruitment Agency,8,High,0.198,0.263,1,0,3,1153,12
Province 1,Saudi Arabia,Construction,Unskilled,Male,25-34,Recruitment Agency,9,High,0.159,0.339,0,0,8,1169,12
Gandaki,Kuwait,Hospitality,Semi-skilled,Male,25-34,Recruitment Agency,3,Low,0.036,0.043,0,0,7,1125,12
Bagmati,Qatar,Cleaning,Unskilled,Male,35-44,Recruitment Agency,6,Medium,0.1,0.131,0,1,1,1212,24
Karnali,UAE,Construction,Unskilled,Male,25-34,Recruitment Agency,10,High,0.22,0.333,0,0,1,1254,36
Madhesh,Bahrain,Driving,Skilled,Male,25-34,Individual,3,Low,0.029,0.032,0,0,9,1411,12
Madhesh,Oman,Hospitality,Skilled,Male,25-34,Recruitment Agency,1,Low,0.044,0.038,0,1,4,1004,12
Karnali,Oman,Driving,Skilled,Male,25-34,Individual,2,Low,0.046,0.041,0,0,7,382,12
Lumbini,Saudi Arabia,Healthcare,Unskilled,Male,25-34,Recruitment Agency,5,Medium,0.075,0.181,0,0,9,312,12
Bagmati,Malaysia,Construction,Semi-skilled,Male,25-34,Individual,9,High,0.279,0.305,0,0,8,447,24
Lumbini,UAE,Driving,Unskilled,Male,25-34,Recruitment Agency,5,Medium,0.128,0.139,0,0,4,988,24
Province 1,South Korea,Manufacturing,Skilled,Male,25-34,Recruitment Agency,3,Low,0.029,0.036,0,0,9,1157,12
Karnali,Japan,Healthcare,Semi-skilled,Male,25-34,Individual,4,Medium,0.074,0.192,1,0,5,661,24
Gandaki,Qatar,Construction,Semi-skilled,Male,18-24,Recruitment Agency,10,High,0.219,0.245,0,0,9,710,12
Gandaki,Qatar,Construction,Unskilled,Male,25-34,Recruitment Agency,9,High,0.275,0.207,1,1,7,1377,12
Sudurpashchim,Bahrain,Domestic Work,Skilled,Male,35-44,Recruitment Agency,3,Low,0.027,0.063,0,0,8,631,24
Province 1,Bahrain,Domestic Work,Skilled,Male,35-44,Recruitment Agency,2,Low,0.015,0.052,0,0,1,868,12
Bagmati,UAE,Healthcare,Skilled,Male,35-44,Recruitment Agency,3,Low,0.016,0.049,0,0,3,1102,12
Sudurpashchim,Malaysia,Domestic Work,Skilled,Male,25-34,Recruitment Agency,6,Medium,0.101,0.108,0,0,2,491,12
Bagmati,Oman,Hospitality,Unskilled,Male,25-34,Recruitment Agency,3,Low,0.026,0.058,0,0,6,1159,12
Lumbini,Saudi Arabia,Manufacturing,Skilled,Male,25-34,Recruitment Agency,5,Medium,0.146,0.165,0,0,4,629,12
Bagmati,UAE,Construction,Unskilled,Male,35-44,Recruitment Agency,10,High,0.167,0.314,0,1,5,570,36
Madhesh,Saudi Arabia,Healthcare,Unskilled,Male,25-34,Recruitment Agency,8,High,0.287,0.244,0,0,7,1346,12
Karnali,Oman,Construction,Skilled,Male,25-34,Regularisation,5,Medium,0.06,0.101,0,0,6,372,12
Province 1,Japan,Domestic Work,Semi-skilled,Male,25-34,Recruitment Agency,6,Medium,0.055,0.154,0,0,9,1210,36
Karnali,Bahrain,Hospitality,Unskilled,Male,25-34,Recruitment Agency,5,Medium,0.056,0.148,0,0,2,694,12
Karnali,Qatar,Hospitality,Skilled,Female,18-24,Recruitment Agency,4,Medium,0.094,0.126,1,0,6,1104,12
Madhesh,Malaysia,Driving,Unskilled,Male,18-24,Recruitment Agency,7,High,0.295,0.296,0,0,1,876,24
Karnali,South Korea,Domestic Work,Unskilled,Male,25-34,Recruitment Agency,7,High,0.181,0.276,0,0,5,1201,12
Province 1,Qatar,Domestic Work,Skilled,Male,18-24,Recruitment Agency,7,High,0.205,0.296,0,0,4,733,24
Province 1,UAE,Hospitality,Unskilled,Male,25-34,Individual,6,Medium,0.103,0.13,0,1,2,1388,12
Province 1,Oman,Hospitality,Unskilled,Male,35-44,Recruitment Agency,2,Low,0.018,0.069,0,0,9,536,12
Lumbini,Kuwait,Domestic Work,Skilled,Female,25-34,Recruitment Agency,8,High,0.294,0.221,0,0,3,416,24
Bagmati,Kuwait,Driving,Unskilled,Male,45+,Recruitment Agency,4,Medium,0.067,0.176,0,0,8,967,12
Gandaki,Kuwait,Domestic Work,Unskilled,Male,18-24,Recruitment Agency,7,High,0.278,0.277,0,0,9,636,12
Bagmati,Malaysia,Cleaning,Semi-skilled,Male,35-44,Recruitment Agency,3,Low,0.03,0.067,0,0,1,1065,12
Sudurpashchim,Kuwait,Manufacturing,Skilled,Male,18-24,Recruitment Agency,5,Medium,0.119,0.125,0,0,5,534,12
Gandaki,Saudi Arabia,Domestic Work,Unskilled,Male,25-34,Recruitment Agency,10,High,0.214,0.267,0,0,4,1390,12
Gandaki,UK,Healthcare,Skilled,Male,25-34,Recruitment Agency,0,Low,0.016,0.053,0,0,7,428,12
Lumbini,UK,Healthcare,Skilled,Male,25-34,Recruitment Agency,1,Low,0.018,0.034,0,0,2,716,12
Bagmati,Bahrain,Cleaning,Skilled,Male,25-34,Recruitment Agency,0,Low,0.015,0.052,0,0,7,750,12
Lumbini,Oman,Manufacturing,Professional,Male,25-34,Recruitment Agency,1,Low,0.047,0.042,0,0,6,1096,12
Sudurpashchim,South Korea,Driving,Skilled,Male,18-24,Individual,1,Low,0.032,0.02,0,0,1,1293,12
Lumbini,Japan,Manufacturing,Skilled,Female,25-34,Recruitment Agency,3,Low,0.026,0.04,0,0,5,1436,12
Sudurpashchim,Malaysia,Hospitality,Skilled,Male,25-34,Recruitment Agency,2,Low,0.042,0.034,0,0,8,827,36
Sudurpashchim,Japan,Healthcare,Skilled,Male,35-44,Individual,2,Low,0.021,0.034,0,0,3,827,24
Karnali,Saudi Arabia,Domestic Work,Semi-skilled,Male,25-34,Recruitment Agency,9,High,0.214,0.241,1,0,5,466,12
Madhesh,Kuwait,Construction,Unskilled,Male,18-24,Individual,10,High,0.239,0.348,0,1,4,686,12
Madhesh,UK,Hospitality,Skilled,Male,25-34,Recruitment Agency,1,Low,0.028,0.031,0,0,3,1360,12
Province 1,Bahrain,Cleaning,Skilled,Female,25-34,Recruitment Agency,0,Low,0.043,0.022,0,0,4,774,36
Bagmati,Malaysia,Construction,Skilled,Male,25-34,Recruitment Agency,5,Medium,0.118,0.171,0,0,1,503,12
Sudurpashchim,Kuwait,Manufacturing,Skilled,Female,18-24,Regularisation,4,Medium,0.149,0.121,0,0,2,989,12
Province 1,UAE,Cleaning,Skilled,Male,25-34,Recruitment Agency,4,Medium,0.084,0.121,0,0,4,840,12
Province 1,Kuwait,Manufacturing,Unskilled,Male,25-34,Recruitment Agency,6,Medium,0.059,0.173,0,1,2,1245,12
Bagmati,Malaysia,Cleaning,Semi-skilled,Male,35-44,Recruitment Agency,5,Medium,0.134,0.188,1,0,9,852,12
Lumbini,Oman,Construction,Unskilled,Male,18-24,Recruitment Agency,6,Medium,0.119,0.178,0,0,1,559,12
Sudurpashchim,South Korea,Manufacturing,Skilled,Male,25-34,Recruitment Agency,4,Medium,0.128,0.15,0,0,5,632,24
Lumbini,Japan,Manufacturing,Skilled,Male,18-24,Individual,2,Low,0.04,0.078,0,0,3,1338,12
Lumbini,Bahrain,Domestic Work,Skilled,Male,35-44,Recruitment Agency,3,Low,0.039,0.054,0,0,1,1046,12
Madhesh,Malaysia,Construction,Unskilled,Female,25-34,Recruitment Agency,10,High,0.155,0.284,0,1,3,906,24
Lumbini,Bahrain,Hospitality,Unskilled,Male,35-44,Recruitment Agency,4,Medium,0.145,0.122,0,0,3,1345,12
Madhesh,Japan,Driving,Unskilled,Male,18-24,Recruitment Agency,6,Medium,0.096,0.181,0,0,6,901,12
Gandaki,Japan,Driving,Unskilled,Male,25-34,Recruitment Agency,3,Low,0.042,0.079,0,1,1,719,12
Province 1,Malaysia,Construction,Skilled,Male,35-44,Recruitment Agency,6,Medium,0.125,0.126,0,0,8,1110,24
Province 1,Bahrain,Construction,Unskilled,Male,25-34,Recruitment Agency,8,High,0.165,0.308,0,0,3,766,24
Karnali,Saudi Arabia,Cleaning,Unskilled,Male,25-34,Recruitment Agency,7,High,0.246,0.243,0,0,5,1068,12
Lumbini,Qatar,Hospitality,Semi-skilled,Female,18-24,Recruitment Agency,4,Medium,0.05,0.194,0,1,8,1264,36
Lumbini,Kuwait,Cleaning,Professional,Male,25-34,Individual,2,Low,0.02,0.021,0,0,8,330,12
Gandaki,UAE,Construction,Skilled,Male,25-34,Recruitment Agency,8,High,0.203,0.257,0,0,3,566,12
Province 1,Malaysia,Construction,Unskilled,Male,18-24,Recruitment Agency,10,High,0.181,0.331,0,0,1,681,24
Karnali,Saudi Arabia,Domestic Work,Skilled,Male,35-44,Individual,9,High,0.276,0.234,0,1,9,570,24
Bagmati,Kuwait,Domestic Work,Semi-skilled,Male,25-34,Individual,6,Medium,0.138,0.141,0,0,2,445,36
Province 1,Bahrain,Domestic Work,Skilled,Male,35-44,Individual,2,Low,0.023,0.057,0,0,9,543,12
Madhesh,UK,Construction,Unskilled,Male,25-34,Recruitment Agency,8,High,0.273,0.232,0,1,9,1058,12
Lumbini,Oman,Manufacturing,Skilled,Male,25-34,Recruitment Agency,1,Low,0.026,0.045,0,0,1,542,12
Province 1,Bahrain,Healthcare,Unskilled,Male,25-34,Recruitment Agency,3,Low,0.039,0.046,0,0,4,695,36
Karnali,Malaysia,Healthcare,Skilled,Male,18-24,Recruitment Agency,3,Low,0.014,0.058,0,0,8,1201,12
Bagmati,Oman,Healthcare,Unskilled,Male,18-24,Recruitment Agency,3,Low,0.036,0.033,0,0,7,975,12
Madhesh,Japan,Driving,Skilled,Male,25-34,Recruitment Agency,2,Low,0.045,0.08,0,0,7,1135,24
Gandaki,Kuwait,Healthcare,Unskilled,Male,18-24,Recruitment Agency,5,Medium,0.144,0.123,1,1,7,860,36
Lumbini,South Korea,Domestic Work,Unskilled,Male,25-34,Recruitment Agency,5,Medium,0.071,0.169,0,0,3,360,24
Lumbini,South Korea,Driving,Unskilled,Male,25-34,Recruitment Agency,3,Low,0.032,0.078,0,0,9,969,12
Bagmati,Qatar,Domestic Work,Unskilled,Male,18-24,Recruitment Agency,8,High,0.164,0.301,0,0,6,427,24
Madhesh,Oman,Healthcare,Unskilled,Male,35-44,Recruitment Agency,5,Medium,0.1,0.184,0,0,5,1151,12
Sudurpashchim,Oman,Manufacturing,Unskilled,Male,35-44,Recruitment Agency,6,Medium,0.129,0.187,0,0,7,748,12
Madhesh,UK,Healthcare,Unskilled,Male,35-44,Recruitment Agency,4,Medium,0.121,0.103,0,0,1,1459,12
Province 1,Oman,Hospitality,Skilled,Male,18-24,Individual,0,Low,0.026,0.076,0,0,4,1061,12
Bagmati,UAE,Construction,Skilled,Male,35-44,Recruitment Agency,8,High,0.192,0.283,0,0,1,591,24
Gandaki,Saudi Arabia,Construction,Unskilled,Male,25-34,Regularisation,10,High,0.279,0.266,0,0,4,373,12
Karnali,Qatar,Hospitality,Skilled,Female,35-44,Recruitment Agency,5,Medium,0.089,0.195,0,0,5,1117,12
Karnali,UK,Construction,Unskilled,Male,18-24,Recruitment Agency,9,High,0.26,0.236,0,0,7,404,12
Sudurpashchim,UK,Construction,Skilled,Male,25-34,Recruitment Agency,4,Medium,0.107,0.156,0,0,9,392,12
Madhesh,UK,Cleaning,Skilled,Male,18-24,Recruitment Agency,2,Low,0.032,0.063,0,0,3,1320,12
Bagmati,Japan,Manufacturing,Unskilled,Male,45+,Recruitment Agency,5,Medium,0.09,0.178,0,0,7,353,12
Bagmati,Saudi Arabia,Cleaning,Unskilled,Male,25-34,Recruitment Agency,6,Medium,0.07,0.124,0,0,5,771,12
Sudurpashchim,South Korea,Manufacturing,Unskilled,Female,25-34,Recruitment Agency,5,Medium,0.102,0.12,1,0,2,1052,12
Lumbini,Japan,Manufacturing,Skilled,Male,25-34,Recruitment Agency,1,Low,0.047,0.043,0,0,2,565,24
Sudurpashchim,Japan,Cleaning,Skilled,Male,25-34,Recruitment Agency,1,Low,0.033,0.039,0,0,7,664,24
Province 1,UK,Manufacturing,Semi-skilled,Female,25-34,Recruitment Agency,5,Medium,0.109,0.153,0,0,5,358,36
Karnali,Malaysia,Driving,Unskilled,Male,25-34,Recruitment Agency,7,High,0.249,0.31,0,0,3,1102,24
Gandaki,UAE,Domestic Work,Skilled,Male,18-24,Recruitment Agency,6,Medium,0.06,0.118,0,0,3,746,12
Gandaki,Malaysia,Cleaning,Skilled,Male,18-24,Recruitment Agency,2,Low,0.043,0.05,0,0,8,394,12
Lumbini,Qatar,Domestic Work,Unskilled,Female,35-44,Recruitment Agency,10,High,0.199,0.288,1,1,5,975,12
Lumbini,Kuwait,Cleaning,Skilled,Male,35-44,Recruitment Agency,1,Low,0.036,0.022,0,0,5,1271,12
Karnali,Oman,Manufacturing,Unskilled,Male,25-34,Recruitment Agency,8,High,0.242,0.348,0,0,3,610,12
Madhesh,Malaysia,Healthcare,Unskilled,Male,35-44,Recruitment Agency,6,Medium,0.094,0.107,0,0,7,873,12
Lumbini,Kuwait,Cleaning,Semi-skilled,Male,25-34,Recruitment Agency,5,Medium,0.084,0.161,0,1,5,716,24
Sudurpashchim,Oman,Hospitality,Skilled,Male,35-44,Recruitment Agency,0,Low,0.043,0.023,0,0,9,480,12
Bagmati,South Korea,Construction,Skilled,Male,25-34,Recruitment Agency,4,Medium,0.113,0.17,0,0,3,607,24
Province 1,UAE,Manufacturing,Unskilled,Male,25-34,Recruitment Agency,9,High,0.184,0.286,1,0,1,1033,12
Karnali,South Korea,Hospitality,Unskilled,Male,18-24,Individual,5,Medium,0.147,0.175,0,0,8,603,36
Lumbini,Oman,Domestic Work,Skilled,Male,18-24,Recruitment Agency,3,Low,0.028,0.033,0,0,1,1054,36
Bagmati,Bahrain,Manufacturing,Unskilled,Male,25-34,Recruitment Agency,6,Medium,0.126,0.115,0,1,4,979,12
Lumbini,Qatar,Cleaning,Unskilled,Male,25-34,Recruitment Agency,5,Medium,0.136,0.196,1,0,5,856,24
Province 1,UK,Cleaning,Semi-skilled,Male,35-44,Recruitment Agency,2,Low,0.044,0.027,0,0,7,1464,36
Sudurpashchim,South Korea,Domestic Work,Unskilled,Female,25-34,Recruitment Agency,8,High,0.294,0.335,0,1,7,454,24
Bagmati,Oman,Healthcare,Unskilled,Male,25-34,Recruitment Agency,2,Low,0.046,0.063,0,0,6,1112,12
Province 1,Japan,Healthcare,Unskilled,Male,25-34,Recruitment Agency,2,Low,0.014,0.051,0,0,8,1056,36
Bagmati,Qatar,Hospitality,Unskilled,Male,25-34,Recruitment Agency,5,Medium,0.067,0.132,0,0,6,1224,12
Gandaki,Oman,Cleaning,Skilled,Male,25-34,Recruitment Agency,1,Low,0.039,0.061,0,0,4,624,12
Gandaki,Bahrain,Cleaning,Skilled,Male,35-44,Recruitment Agency,0,Low,0.011,0.047,0,0,5,1244,12
Lumbini,South Korea,Domestic Work,Unskilled,Male,25-34,Recruitment Agency,5,Medium,0.097,0.188,0,0,7,849,24
Sudurpashchim,Bahrain,Hospitality,Unskilled,Female,25-34,Recruitment Agency,3,Low,0.014,0.059,0,0,4,326,12
Province 1,Kuwait,Hospitality,Skilled,Male,25-34,Recruitment Agency,3,Low,0.022,0.025,0,0,9,1289,12
Madhesh,Saudi Arabia,Domestic Work,Unskilled,Male,25-34,Recruitment Agency,10,High,0.249,0.244,0,1,1,362,12
Madhesh,South Korea,Construction,Unskilled,Male,25-34,Recruitment Agency,10,High,0.172,0.311,1,0,1,1388,24
Madhesh,Kuwait,Healthcare,Skilled,Male,25-34,Recruitment Agency,3,Low,0.026,0.061,0,0,5,940,12
Bagmati,Japan,Driving,Skilled,Male,35-44,Recruitment Agency,1,Low,0.036,0.026,0,0,2,395,12
Gandaki,UK,Healthcare,Unskilled,Male,25-34,Recruitment Agency,3,Low,0.019,0.022,0,0,8,1424,12
Province 1,South Korea,Construction,Unskilled,Male,25-34,Recruitment Agency,8,High,0.238,0.261,0,0,2,461,12
Gandaki,Malaysia,Healthcare,Unskilled,Female,18-24,Recruitment Agency,5,Medium,0.093,0.141,0,0,6,1082,24
Madhesh,Saudi Arabia,Hospitality,Unskilled,Male,25-34,Recruitment Agency,9,High,0.182,0.209,0,0,5,898,12
Lumbini,Qatar,Driving,Skilled,Male,18-24,Recruitment Agency,3,Low,0.013,0.033,0,0,6,1413,36
Gandaki,Japan,Hospitality,Unskilled,Male,25-34,Recruitment Agency,2,Low,0.043,0.039,0,0,6,1033,12
Lumbini,UAE,Hospitality,Unskilled,Male,18-24,Individual,5,Medium,0.124,0.185,0,0,4,1148,24
Madhesh,Qatar,Driving,Skilled,Male,25-34,Recruitment Agency,4,Medium,0.117,0.121,0,0,8,747,36
Province 1,Bahrain,Driving,Unskilled,Male,25-34,Recruitment Agency,2,Low,0.034,0.056,0,0,9,1231,12
Bagmati,South Korea,Healthcare,Skilled,Male,25-34,Recruitment Agency,0,Low,0.041,0.07,0,0,6,858,12
Karnali,South Korea,Hospitality,Unskilled,Male,25-34,Recruitment Agency,4,Medium,0.053,0.126,0,0,6,823,12
Karnali,Kuwait,Domestic Work,Unskilled,Male,35-44,Recruitment Agency,10,High,0.201,0.221,0,0,8,1090,12
Bagmati,Kuwait,Manufacturing,Skilled,Male,25-34,Recruitment Agency,3,Low,0.03,0.058,1,0,2,357,12
Bagmati,Japan,Driving,Unskilled,Female,25-34,Recruitment Agency,3,Low,0.04,0.037,0,0,7,891,12
Karnali,Qatar,Construction,Skilled,Male,18-24,Regularisation,10,High,0.237,0.251,1,1,6,1105,12
Bagmati,Oman,Construction,Semi-skilled,Male,25-34,Recruitment Agency,7,High,0.151,0.317,0,0,5,1492,12
Madhesh,Malaysia,Driving,Unskilled,Male,45+,Recruitment Agency,7,High,0.178,0.277,1,0,7,387,12
Karnali,Japan,Healthcare,Unskilled,Male,35-44,Recruitment Agency,5,Medium,0.112,0.151,0,1,5,1139,12
Lumbini,Bahrain,Domestic Work,Skilled,Male,25-34,Recruitment Agency,4,Medium,0.06,0.192,0,0,1,661,36
Province 1,UK,Driving,Unskilled,Male,25-34,Individual,3,Low,0.043,0.079,0,0,1,320,36
Province 1,UAE,Cleaning,Unskilled,Male,25-34,Recruitment Agency,6,Medium,0.111,0.163,0,0,2,739,24
Madhesh,Japan,Driving,Unskilled,Male,35-44,Recruitment Agency,4,Medium,0.123,0.111,0,0,1,1061,12
Karnali,South Korea,Healthcare,Unskilled,Male,25-34,Recruitment Agency,4,Medium,0.073,0.117,0,1,8,845,24
Gandaki,South Korea,Manufacturing,Unskilled,Male,35-44,Recruitment Agency,4,Medium,0.136,0.178,0,0,7,1165,12
Lumbini,Malaysia,Domestic Work,Skilled,Male,18-24,Recruitment Agency,5,Medium,0.084,0.178,0,0,9,424,24
Province 1,Bahrain,Driving,Unskilled,Male,25-34,Recruitment Agency,2,Low,0.034,0.044,0,0,7,472,24
Province 1,Japan,Domestic Work,Semi-skilled,Male,35-44,Recruitment Agency,6,Medium,0.088,0.194,0,0,4,1154,24
Sudurpashchim,Kuwait,Cleaning,Skilled,Male,25-34,Recruitment Agency,3,Low,0.012,0.022,0,0,1,804,12
Bagmati,Kuwait,Healthcare,Skilled,Female,25-34,Individual,1,Low,0.013,0.023,0,0,3,706,24
Bagmati,Saudi Arabia,Hospitality,Unskilled,Male,35-44,Recruitment Agency,6,Medium,0.137,0.151,1,1,4,325,12
Bagmati,South Korea,Cleaning,Unskilled,Male,25-34,Recruitment Agency,3,Low,0.044,0.064,0,0,2,471,24
Karnali,UK,Cleaning,Semi-skilled,Female,18-24,Recruitment Agency,4,Medium,0.143,0.131,0,0,5,1169,24
Karnali,Bahrain,Manufacturing,Skilled,Male,25-34,Recruitment Agency,5,Medium,0.089,0.15,0,1,9,746,24
Bagmati,Kuwait,Manufacturing,Unskilled,Male,18-24,Recruitment Agency,8,High,0.258,0.278,0,0,2,1004,12
Lumbini,Kuwait,Construction,Unskilled,Female,18-24,Recruitment Agency,10,High,0.242,0.265,0,0,9,1380,12
Sudurpashchim,Oman,Hospitality,Skilled,Male,18-24,Recruitment Agency,2,Low,0.023,0.063,0,0,5,920,12
Madhesh,Bahrain,Healthcare,Unskilled,Male,25-34,Recruitment Agency,5,Medium,0.09,0.164,0,0,7,459,12
Lumbini,UK,Manufacturing,Skilled,Female,25-34,Recruitment Agency,1,Low,0.02,0.065,0,0,7,1350,24
Gandaki,UK,Domestic Work,Semi-skilled,Male,25-34,Recruitment Agency,4,Medium,0.123,0.141,0,0,1,1237,12
Madhesh,Malaysia,Construction,Skilled,Male,25-34,Recruitment Agency,7,High,0.29,0.291,0,0,3,505,12
Gandaki,Saudi Arabia,Cleaning,Unskilled,Male,25-34,Individual,5,Medium,0.063,0.127,0,0,4,302,12
Sudurpashchim,Saudi Arabia,Cleaning,Unskilled,Male,25-34,Recruitment Agency,8,High,0.175,0.227,0,1,9,1068,24
Sudurpashchim,Malaysia,Hospitality,Semi-skilled,Male,35-44,Recruitment Agency,4,Medium,0.134,0.109,0,0,7,1103,12
Karnali,Saudi Arabia,Construction,Unskilled,Male,25-34,Recruitment Agency,10,High,0.289,0.256,0,1,3,587,12
Karnali,Japan,Manufacturing,Skilled,Male,25-34,Recruitment Agency,3,Low,0.035,0.052,0,0,6,695,12
Province 1,UK,Manufacturing,Unskilled,Female,18-24,Recruitment Agency,6,Medium,0.123,0.137,0,0,2,312,24
Sudurpashchim,Oman,Hospitality,Unskilled,Female,25-34,Individual,3,Low,0.028,0.032,0,0,3,1413,12
Bagmati,South Korea,Driving,Unskilled,Male,35-44,Individual,4,Medium,0.119,0.163,0,0,2,368,24
Sudurpashchim,Kuwait,Construction,Skilled,Male,25-34,Recruitment Agency,6,Medium,0.052,0.108,0,1,9,335,24
Gandaki,Japan,Domestic Work,Skilled,Male,25-34,Recruitment Agency,2,Low,0.032,0.052,0,0,6,366,36
Gandaki,Qatar,Hospitality,Skilled,Male,18-24,Recruitment Agency,4,Medium,0.101,0.175,0,1,4,593,24
Province 1,South Korea,Domestic Work,Semi-skilled,Male,35-44,Recruitment Agency,6,Medium,0.087,0.165,0,0,2,1441,36
Karnali,Saudi Arabia,Healthcare,Unskilled,Female,25-34,Recruitment Agency,9,High,0.254,0.315,0,1,5,1393,12
Karnali,Malaysia,Cleaning,Skilled,Male,35-44,Recruitment Agency,5,Medium,0.056,0.2,0,0,8,1479,24
Province 1,Oman,Domestic Work,Skilled,Male,18-24,Individual,4,Medium,0.105,0.171,0,0,5,405,12
Sudurpashchim,Japan,Domestic Work,Unskilled,Male,25-34,Recruitment Agency,8,High,0.187,0.304,0,1,9,802,24
Sudurpashchim,UK,Healthcare,Skilled,Female,18-24,Recruitment Agency,2,Low,0.037,0.04,0,0,8,658,12
Bagmati,Oman,Construction,Unskilled,Male,25-34,Recruitment Agency,8,High,0.253,0.244,1,0,1,609,24
Province 1,Qatar,Domestic Work,Unskilled,Male,25-34,Recruitment Agency,8,High,0.24,0.24,0,0,1,568,36
Lumbini,Kuwait,Hospitality,Semi-skilled,Male,35-44,Recruitment Agency,3,Low,0.043,0.031,0,0,5,603,12
Karnali,Oman,Domestic Work,Skilled,Male,45+,Recruitment Agency,5,Medium,0.098,0.104,0,0,4,1075,24
Karnali,Japan,Hospitality,Unskilled,Male,25-34,Recruitment Agency,6,Medium,0.137,0.166,1,0,4,1157,24
Province 1,Saudi Arabia,Cleaning,Skilled,Male,18-24,Recruitment Agency,4,Medium,0.082,0.173,0,0,5,562,24
Province 1,UAE,Cleaning,Skilled,Male,18-24,Recruitment Agency,3,Low,0.01,0.065,1,0,5,1167,12
Sudurpashchim,Kuwait,Cleaning,Unskilled,Male,18-24,Recruitment Agency,5,Medium,0.108,0.121,0,1,6,1051,36
Province 1,Kuwait,Driving,Unskilled,Male,18-24,Recruitment Agency,5,Medium,0.054,0.159,0,0,1,508,12
Gandaki,UK,Cleaning,Skilled,Male,45+,Recruitment Agency,0,Low,0.02,0.049,0,0,2,1124,36
Sudurpashchim,UK,Driving,Unskilled,Male,25-34,Recruitment Agency,5,Medium,0.092,0.144,1,0,3,1487,12
Sudurpashchim,UAE,Hospitality,Unskilled,Male,18-24,Recruitment Agency,7,High,0.218,0.324,0,1,2,816,24
Madhesh,Malaysia,Driving,Unskilled,Male,25-34,Recruitment Agency,7,High,0.275,0.211,0,0,1,709,24
Province 1,UAE,Construction,Unskilled,Male,35-44,Recruitment Agency,10,High,0.253,0.253,1,1,5,1457,12
Bagmati,Kuwait,Cleaning,Skilled,Male,35-44,Recruitment Agency,3,Low,0.026,0.041,0,0,1,1169,12
Karnali,UK,Cleaning,Unskilled,Male,35-44,Recruitment Agency,4,Medium,0.141,0.152,0,0,2,863,12
Madhesh,Japan,Construction,Unskilled,Male,35-44,Recruitment Agency,10,High,0.166,0.347,0,0,7,905,12
Province 1,Kuwait,Manufacturing,Semi-skilled,Male,45+,Recruitment Agency,6,Medium,0.073,0.199,0,0,7,757,12
Bagmati,Oman,Cleaning,Semi-skilled,Male,25-34,Recruitment Agency,3,Low,0.029,0.05,0,0,8,334,12
Sudurpashchim,Kuwait,Cleaning,Unskilled,Male,35-44,Recruitment Agency,6,Medium,0.098,0.17,0,0,3,1344,12
Gandaki,Saudi Arabia,Construction,Semi-skilled,Male,35-44,Recruitment Agency,9,High,0.157,0.233,0,0,6,320,12
Madhesh,Bahrain,Hospitality,Unskilled,Male,18-24,Recruitment Agency,4,Medium,0.057,0.191,0,0,3,540,12
Bagmati,UAE,Driving,Unskilled,Male,35-44,Recruitment Agency,7,High,0.23,0.321,0,0,6,345,36
Karnali,UK,Cleaning,Unskilled,Male,25-34,Recruitment Agency,4,Medium,0.076,0.123,0,0,4,694,24
Lumbini,UK,Domestic Work,Skilled,Male,25-34,Recruitment Agency,2,Low,0.049,0.069,0,0,3,1047,12
Lumbini,Oman,Manufacturing,Semi-skilled,Male,35-44,Recruitment Agency,3,Low,0.035,0.044,0,0,5,1131,24
Sudurpashchim,South Korea,Healthcare,Skilled,Male,25-34,Recruitment Agency,1,Low,0.03,0.066,0,0,9,1060,36
Bagmati,Bahrain,Construction,Skilled,Female,18-24,Recruitment Agency,4,Medium,0.086,0.182,0,0,1,1430,12
Lumbini,Japan,Manufacturing,Unskilled,Male,25-34,Recruitment Agency,5,Medium,0.15,0.14,0,0,9,647,12
Province 1,Malaysia,Cleaning,Unskilled,Male,25-34,Individual,4,Medium,0.058,0.176,0,0,1,1319,24
Sudurpashchim,Saudi Arabia,Hospitality,Unskilled,Male,35-44,Recruitment Agency,7,High,0.251,0.284,0,0,9,1465,12
Bagmati,UK,Cleaning,Skilled,Male,25-34,Recruitment Agency,1,Low,0.03,0.036,0,0,3,1439,24
Madhesh,South Korea,Construction,Skilled,Male,35-44,Individual,7,High,0.258,0.291,1,0,9,385,12
Bagmati,UK,Driving,Unskilled,Male,25-34,Individual,2,Low,0.043,0.025,0,0,5,951,12
Sudurpashchim,Oman,Cleaning,Unskilled,Male,25-34,Recruitment Agency,3,Low,0.016,0.044,0,0,7,788,24
Lumbini,Japan,Healthcare,Skilled,Male,25-34,Recruitment Agency,0,Low,0.031,0.036,0,0,1,643,12
Province 1,Japan,Domestic Work,Semi-skilled,Female,35-44,Recruitment Agency,8,High,0.251,0.334,0,0,8,1085,24
Madhesh,Malaysia,Cleaning,Skilled,Male,25-34,Recruitment Agency,3,Low,0.012,0.021,0,0,6,1061,36
Gandaki,Malaysia,Healthcare,Skilled,Male,25-34,Recruitment Agency,3,Low,0.029,0.029,0,0,5,1436,24
Lumbini,South Korea,Domestic Work,Unskilled,Male,35-44,Recruitment Agency,6,Medium,0.15,0.184,1,0,7,743,12
Sudurpashchim,UK,Driving,Skilled,Male,18-24,Recruitment Agency,0,Low,0.037,0.032,0,0,8,1376,12
Madhesh,UAE,Domestic Work,Semi-skilled,Female,18-24,Recruitment Agency,10,High,0.208,0.238,0,0,5,596,12
Lumbini,UAE,Construction,Skilled,Male,25-34,Recruitment Agency,7,High,0.204,0.311,0,0,2,314,12
Lumbini,Bahrain,Hospitality,Unskilled,Male,25-34,Recruitment Agency,3,Low,0.048,0.058,0,0,3,974,12
Karnali,Bahrain,Construction,Semi-skilled,Female,35-44,Recruitment Agency,9,High,0.273,0.219,0,0,8,594,12
Gandaki,UAE,Cleaning,Skilled,Male,25-34,Recruitment Agency,4,Medium,0.137,0.103,0,0,4,764,36
Bagmati,UAE,Manufacturing,Skilled,Male,25-34,Recruitment Agency,5,Medium,0.093,0.197,0,0,7,589,12
Province 1,Bahrain,Hospitality,Skilled,Male,25-34,Recruitment Agency,0,Low,0.03,0.079,0,0,5,908,24
Lumbini,Japan,Driving,Skilled,Male,25-34,Recruitment Agency,1,Low,0.022,0.057,0,1,3,1327,24
Lumbini,Malaysia,Manufacturing,Skilled,Male,35-44,Recruitment Agency,4,Medium,0.084,0.119,0,0,7,371,24
Lumbini,Oman,Hospitality,Skilled,Male,18-24,Recruitment Agency,1,Low,0.043,0.079,0,0,7,1039,24
Sudurpashchim,Saudi Arabia,Healthcare,Skilled,Male,35-44,Recruitment Agency,3,Low,0.024,0.063,1,0,4,764,24
Sudurpashchim,Malaysia,Hospitality,Unskilled,Female,25-34,Recruitment Agency,5,Medium,0.092,0.127,0,0,8,706,12
Karnali,Malaysia,Driving,Unskilled,Male,25-34,Individual,8,High,0.198,0.225,0,0,2,1106,24
Karnali,Kuwait,Hospitality,Unskilled,Male,35-44,Recruitment Agency,8,High,0.247,0.202,0,1,9,1351,12
Madhesh,Japan,Construction,Unskilled,Male,25-34,Recruitment Agency,8,High,0.168,0.297,1,0,7,1495,12
Gandaki,UAE,Manufacturing,Skilled,Male,25-34,Individual,4,Medium,0.139,0.124,0,0,6,1211,12
Province 1,South Korea,Manufacturing,Semi-skilled,Male,18-24,Recruitment Agency,5,Medium,0.089,0.192,0,0,6,324,12
Bagmati,South Korea,Construction,Unskilled,Male,25-34,Recruitment Agency,8,High,0.16,0.314,0,0,7,757,12
Sudurpashchim,Oman,Healthcare,Unskilled,Male,18-24,Recruitment Agency,5,Medium,0.092,0.119,0,1,5,1055,24
Lumbini,Saudi Arabia,Healthcare,Unskilled,Male,25-34,Recruitment Agency,7,High,0.182,0.328,0,0,8,552,24
Sudurpashchim,Qatar,Driving,Skilled,Male,25-34,Recruitment Agency,4,Medium,0.141,0.178,0,1,7,405,24
Lumbini,Japan,Driving,Skilled,Male,25-34,Recruitment Agency,0,Low,0.042,0.032,0,0,3,743,12
Bagmati,UAE,Construction,Unskilled,Male,25-34,Recruitment Agency,10,High,0.182,0.271,0,1,5,454,36
Madhesh,UAE,Cleaning,Unskilled,Male,25-34,Recruitment Agency,8,High,0.288,0.3,1,1,1,1138,12
Lumbini,Qatar,Manufacturing,Skilled,Male,25-34,Recruitment Agency,6,Medium,0.142,0.105,0,0,5,1172,36
Madhesh,Malaysia,Construction,Skilled,Male,35-44,Recruitment Agency,8,High,0.3,0.268,0,0,6,1346,36
Karnali,Oman,Healthcare,Unskilled,Male,35-44,Recruitment Agency,4,Medium,0.108,0.135,0,0,6,570,36
Sudurpashchim,Saudi Arabia,Driving,Professional,Male,18-24,Recruitment Agency,4,Medium,0.05,0.105,0,0,1,860,12
Bagmati,Japan,Domestic Work,Semi-skilled,Male,25-34,Recruitment Agency,4,Medium,0.069,0.155,1,0,7,645,24
Province 1,Malaysia,Cleaning,Unskilled,Male,18-24,Recruitment Agency,4,Medium,0.059,0.169,0,0,4,969,12
Madhesh,South Korea,Driving,Unskilled,Male,35-44,Recruitment Agency,4,Medium,0.093,0.149,0,0,7,1279,12
Province 1,South Korea,Manufacturing,Skilled,Male,25-34,Individual,2,Low,0.016,0.064,0,0,6,740,12
Gandaki,Oman,Hospitality,Unskilled,Female,45+,Recruitment Agency,3,Low,0.03,0.048,0,0,3,695,12
Bagmati,UK,Driving,Skilled,Male,25-34,Recruitment Agency,1,Low,0.043,0.029,0,0,5,1472,12
Gandaki,UAE,Domestic Work,Unskilled,Male,25-34,Recruitment Agency,8,High,0.295,0.291,0,0,6,1366,24
Sudurpashchim,South Korea,Healthcare,Semi-skilled,Female,35-44,Recruitment Agency,2,Low,0.022,0.076,0,0,6,849,12
Madhesh,Kuwait,Construction,Unskilled,Male,35-44,Recruitment Agency,10,High,0.276,0.216,1,0,2,722,12
Gandaki,Bahrain,Cleaning,Skilled,Male,35-44,Recruitment Agency,0,Low,0.049,0.036,0,0,9,1469,24
Bagmati,Bahrain,Construction,Unskilled,Male,18-24,Recruitment Agency,7,High,0.188,0.256,0,0,9,1139,36
Karnali,Saudi Arabia,Healthcare,Skilled,Male,25-34,Recruitment Agency,6,Medium,0.055,0.144,0,0,6,1404,12
Bagmati,Malaysia,Construction,Unskilled,Male,25-34,Recruitment Agency,8,High,0.212,0.212,0,0,2,350,12
Gandaki,Kuwait,Manufacturing,Skilled,Male,18-24,Individual,4,Medium,0.109,0.13,1,0,7,666,24
Lumbini,South Korea,Driving,Unskilled,Male,25-34,Recruitment Agency,4,Medium,0.062,0.156,0,0,8,308,12
Gandaki,UK,Hospitality,Unskilled,Male,35-44,Recruitment Agency,3,Low,0.014,0.028,0,0,5,1361,24
Karnali,Japan,Healthcare,Unskilled,Male,18-24,Recruitment Agency,5,Medium,0.093,0.133,0,1,4,767,12
Madhesh,Saudi Arabia,Healthcare,Skilled,Male,25-34,Recruitment Agency,5,Medium,0.071,0.138,0,0,4,326,24
Province 1,UAE,Hospitality,Unskilled,Male,35-44,Recruitment Agency,7,High,0.185,0.207,0,0,2,773,24
Karnali,UAE,Hospitality,Skilled,Female,18-24,Recruitment Agency,5,Medium,0.136,0.129,0,1,4,1368,12
Gandaki,Qatar,Cleaning,Skilled,Male,25-34,Recruitment Agency,4,Medium,0.098,0.156,0,1,6,585,24
Madhesh,UK,Hospitality,Semi-skilled,Male,25-34,Recruitment Agency,3,Low,0.036,0.075,0,0,7,1242,24
Bagmati,South Korea,Cleaning,Semi-skilled,Male,18-24,Recruitment Agency,1,Low,0.047,0.072,0,0,8,1023,36
Madhesh,Qatar,Driving,Unskilled,Male,25-34,Recruitment Agency,8,High,0.237,0.293,0,0,9,404,36
Sudurpashchim,South Korea,Hospitality,Unskilled,Male,25-34,Recruitment Agency,3,Low,0.029,0.035,0,0,9,1136,12
Sudurpashchim,UK,Healthcare,Skilled,Male,25-34,Recruitment Agency,2,Low,0.047,0.046,0,0,1,544,12
Lumbini,South Korea,Healthcare,Unskilled,Male,25-34,Recruitment Agency,2,Low,0.027,0.048,0,0,8,1074,12
Sudurpashchim,Malaysia,Hospitality,Unskilled,Male,18-24,Recruitment Agency,5,Medium,0.051,0.135,0,0,8,924,24
Gandaki,Oman,Hospitality,Unskilled,Female,18-24,Individual,3,Low,0.042,0.073,0,0,4,773,12
Bagmati,Qatar,Construction,Skilled,Male,35-44,Recruitment Agency,6,Medium,0.133,0.133,0,0,9,529,12
Province 1,UK,Driving,Unskilled,Female,25-34,Recruitment Agency,4,Medium,0.087,0.195,0,0,8,589,12
Bagmati,Japan,Construction,Unskilled,Male,18-24,Recruitment Agency,6,Medium,0.053,0.16,0,0,8,863,12
Lumbini,Malaysia,Construction,Unskilled,Male,35-44,Recruitment Agency,8,High,0.248,0.203,0,0,4,763,12
Karnali,UK,Cleaning,Unskilled,Male,25-34,Recruitment Agency,4,Medium,0.121,0.105,0,0,7,1404,12
Province 1,Oman,Domestic Work,Unskilled,Female,35-44,Recruitment Agency,8,High,0.266,0.2,0,0,4,725,12
Madhesh,Saudi Arabia,Construction,Skilled,Male,35-44,Recruitment Agency,9,High,0.245,0.235,0,0,5,979,12
Lumbini,UK,Construction,Skilled,Male,25-34,Recruitment Agency,4,Medium,0.12,0.164,0,0,7,1134,12
Lumbini,UK,Construction,Unskilled,Male,18-24,Recruitment Agency,7,High,0.292,0.295,0,0,4,606,36
Madhesh,South Korea,Domestic Work,Unskilled,Male,45+,Recruitment Agency,9,High,0.178,0.216,1,0,2,1241,24
Province 1,Bahrain,Driving,Unskilled,Male,25-34,Recruitment Agency,3,Low,0.026,0.068,0,0,7,1053,36
Karnali,UAE,Cleaning,Unskilled,Male,35-44,Recruitment Agency,7,High,0.192,0.284,0,0,2,611,12
Province 1,Japan,Construction,Unskilled,Male,25-34,Recruitment Agency,7,High,0.156,0.313,1,0,1,1458,12
Madhesh,Kuwait,Cleaning,Unskilled,Male,25-34,Recruitment Agency,8,High,0.165,0.34,0,0,8,471,24
Gandaki,Qatar,Domestic Work,Skilled,Male,25-34,Recruitment Agency,5,Medium,0.059,0.183,0,1,2,1394,12
Sudurpashchim,South Korea,Domestic Work,Skilled,Male,25-34,Recruitment Agency,4,Medium,0.08,0.116,0,0,8,1438,12
Madhesh,UK,Healthcare,Unskilled,Male,25-34,Individual,6,Medium,0.122,0.159,0,0,3,834,12
Karnali,Saudi Arabia,Manufacturing,Unskilled,Male,25-34,Recruitment Agency,10,High,0.181,0.316,0,1,4,715,12
Lumbini,South Korea,Manufacturing,Skilled,Female,35-44,Recruitment Agency,2,Low,0.037,0.023,0,0,9,391,12
Bagmati,Qatar,Manufacturing,Unskilled,Male,25-34,Recruitment Agency,8,High,0.278,0.247,0,0,2,994,24
Karnali,Bahrain,Construction,Skilled,Male,35-44,Recruitment Agency,6,Medium,0.095,0.194,0,0,9,1088,24
Lumbini,UK,Driving,Skilled,Female,25-34,Recruitment Agency,1,Low,0.012,0.072,0,0,4,1074,12
Sudurpashchim,Saudi Arabia,Healthcare,Unskilled,Male,25-34,Recruitment Agency,8,High,0.23,0.221,1,0,7,878,24
Madhesh,South Korea,Manufacturing,Unskilled,Male,35-44,Recruitment Agency,7,High,0.209,0.27,1,0,7,1373,12
Gandaki,Malaysia,Construction,Unskilled,Male,18-24,Recruitment Agency,9,High,0.276,0.27,0,1,3,983,12
Lumbini,Oman,Driving,Unskilled,Female,25-34,Recruitment Agency,4,Medium,0.147,0.189,0,0,9,1175,12
Karnali,Japan,Construction,Unskilled,Male,25-34,Recruitment Agency,8,High,0.28,0.22,0,0,2,1468,24
Province 1,Oman,Cleaning,Skilled,Male,25-34,Recruitment Agency,0,Low,0.019,0.025,0,0,3,1037,12
Gandaki,UAE,Hospitality,Semi-skilled,Male,25-34,Recruitment Agency,4,Medium,0.132,0.2,0,0,4,672,36
Madhesh,Saudi Arabia,Hospitality,Skilled,Male,25-34,Recruitment Agency,6,Medium,0.129,0.104,0,0,8,1392,24
Sudurpashchim,Malaysia,Driving,Unskilled,Male,18-24,Recruitment Agency,7,High,0.204,0.31,0,1,1,1190,12
Gandaki,Saudi Arabia,Cleaning,Unskilled,Male,25-34,Recruitment Agency,5,Medium,0.103,0.175,0,0,3,320,24
Lumbini,Oman,Construction,Unskilled,Male,35-44,Recruitment Agency,7,High,0.212,0.33,0,0,5,557,12
Madhesh,Japan,Domestic Work,Skilled,Male,25-34,Recruitment Agency,4,Medium,0.07,0.108,0,1,7,916,12
Gandaki,UAE,Manufacturing,Skilled,Male,45+,Individual,6,Medium,0.126,0.105,0,0,3,1163,12
Karnali,Oman,Driving,Unskilled,Male,35-44,Recruitment Agency,6,Medium,0.059,0.184,0,0,4,566,36
Lumbini,South Korea,Healthcare,Unskilled,Male,25-34,Recruitment Agency,2,Low,0.033,0.043,0,0,7,745,12
Gandaki,Kuwait,Construction,Unskilled,Male,35-44,Recruitment Agency,8,High,0.199,0.273,0,0,6,1149,36
Sudurpashchim,Oman,Manufacturing,Unskilled,Male,25-34,Individual,6,Medium,0.064,0.171,0,0,1,475,24
Karnali,Saudi Arabia,Construction,Unskilled,Male,25-34,Recruitment Agency,10,High,0.287,0.262,0,0,1,748,12
Bagmati,Saudi Arabia,Manufacturing,Unskilled,Male,18-24,Recruitment Agency,9,High,0.232,0.301,0,0,6,1366,36
Bagmati,Oman,Driving,Semi-skilled,Male,35-44,Recruitment Agency,1,Low,0.033,0.02,0,0,8,880,12
Province 1,Saudi Arabia,Hospitality,Unskilled,Male,25-34,Recruitment Agency,7,High,0.181,0.249,0,0,7,667,12
Bagmati,Bahrain,Manufacturing,Semi-skilled,Male,25-34,Recruitment Agency,4,Medium,0.057,0.115,0,0,7,1149,12
Gandaki,Oman,Manufacturing,Semi-skilled,Male,18-24,Recruitment Agency,3,Low,0.039,0.023,0,0,1,1455,12
Gandaki,UAE,Domestic Work,Skilled,Male,35-44,Individual,5,Medium,0.145,0.114,1,0,8,1429,12
Province 1,UAE,Manufacturing,Semi-skilled,Male,35-44,Individual,6,Medium,0.114,0.177,0,1,2,1357,24
Bagmati,Saudi Arabia,Construction,Skilled,Male,35-44,Recruitment Agency,8,High,0.189,0.303,0,0,2,317,24
Bagmati,UK,Domestic Work,Unskilled,Male,35-44,Recruitment Agency,7,High,0.204,0.343,1,0,1,725,12
Sudurpashchim,Saudi Arabia,Manufacturing,Skilled,Male,25-34,Individual,7,High,0.267,0.345,0,1,6,686,12
Sudurpashchim,Oman,Construction,Semi-skilled,Male,25-34,Recruitment Agency,6,Medium,0.142,0.193,0,0,1,345,24
Gandaki,Malaysia,Domestic Work,Unskilled,Male,35-44,Recruitment Agency,7,High,0.207,0.203,0,0,2,1214,24
Madhesh,Oman,Healthcare,Unskilled,Male,35-44,Recruitment Agency,6,Medium,0.077,0.145,0,0,4,1466,12
Lumbini,Bahrain,Driving,Skilled,Male,18-24,Recruitment Agency,0,Low,0.015,0.045,0,0,7,628,12
Madhesh,Kuwait,Manufacturing,Skilled,Male,18-24,Recruitment Agency,6,Medium,0.095,0.169,0,0,5,1026,12
Province 1,South Korea,Construction,Unskilled,Male,18-24,Recruitment Agency,7,High,0.2,0.335,0,0,1,1129,12
Bagmati,Bahrain,Construction,Skilled,Male,18-24,Recruitment Agency,4,Medium,0.067,0.162,0,1,4,569,12
Lumbini,Qatar,Hospitality,Semi-skilled,Male,25-34,Recruitment Agency,4,Medium,0.078,0.193,0,0,4,1262,12
Province 1,UK,Hospitality,Unskilled,Female,25-34,Recruitment Agency,3,Low,0.033,0.027,0,0,4,607,12
Karnali,Malaysia,Cleaning,Skilled,Male,25-34,Recruitment Agency,3,Low,0.027,0.067,0,0,6,1196,36
Gandaki,Malaysia,Healthcare,Semi-skilled,Male,25-34,Recruitment Agency,4,Medium,0.145,0.149,1,0,7,1310,12
Karnali,Saudi Arabia,Healthcare,Skilled,Male,18-24,Recruitment Agency,4,Medium,0.135,0.169,1,0,8,726,24
Sudurpashchim,Qatar,Construction,Skilled,Male,35-44,Recruitment Agency,7,High,0.169,0.259,0,0,8,354,24
Gandaki,Bahrain,Domestic Work,Unskilled,Male,18-24,Recruitment Agency,6,Medium,0.111,0.104,0,0,9,543,24
Sudurpashchim,South Korea,Healthcare,Unskilled,Male,18-24,Recruitment Agency,5,Medium,0.084,0.134,1,1,3,1196,12
Sudurpashchim,Kuwait,Driving,Unskilled,Male,18-24,Recruitment Agency,7,High,0.193,0.317,0,0,3,455,12
Madhesh,Bahrain,Healthcare,Skilled,Male,35-44,Recruitment Agency,3,Low,0.02,0.04,0,0,6,1180,24
Gandaki,UAE,Domestic Work,Unskilled,Male,25-34,Individual,10,High,0.288,0.219,0,0,9,897,12
Karnali,Kuwait,Manufacturing,Skilled,Male,25-34,Recruitment Agency,5,Medium,0.13,0.136,0,0,7,339,24
Province 1,Malaysia,Healthcare,Semi-skilled,Male,25-34,Recruitment Agency,4,Medium,0.126,0.149,0,0,7,1142,24
Karnali,South Korea,Driving,Skilled,Male,25-34,Recruitment Agency,1,Low,0.049,0.069,0,0,7,885,12
Gandaki,UAE,Manufacturing,Unskilled,Male,35-44,Recruitment Agency,7,High,0.161,0.226,0,0,5,1210,12
Sudurpashchim,Kuwait,Hospitality,Skilled,Male,25-34,Recruitment Agency,2,Low,0.012,0.038,0,1,9,1030,12
Province 1,UAE,Domestic Work,Unskilled,Male,18-24,Recruitment Agency,8,High,0.237,0.255,1,0,5,1288,24
Karnali,UK,Hospitality,Skilled,Male,35-44,Recruitment Agency,2,Low,0.021,0.054,0,0,3,1471,12
Bagmati,Kuwait,Hospitality,Unskilled,Female,25-34,Recruitment Agency,5,Medium,0.085,0.115,0,0,2,589,24
Province 1,UAE,Manufacturing,Unskilled,Male,35-44,Recruitment Agency,9,High,0.17,0.278,0,0,4,1258,12
Bagmati,UK,Construction,Unskilled,Male,25-34,Recruitment Agency,8,High,0.196,0.271,0,0,8,1065,12
Gandaki,Saudi Arabia,Construction,Unskilled,Female,35-44,Individual,9,High,0.156,0.224,0,0,4,1056,12
Sudurpashchim,South Korea,Construction,Skilled,Male,25-34,Recruitment Agency,6,Medium,0.141,0.151,0,0,7,964,24
Province 1,UAE,Hospitality,Skilled,Female,25-34,Recruitment Agency,4,Medium,0.051,0.111,0,0,5,1183,12
Madhesh,Oman,Hospitality,Unskilled,Male,25-34,Recruitment Agency,4,Medium,0.121,0.173,0,0,9,1052,12
Karnali,Saudi Arabia,Healthcare,Semi-skilled,Male,45+,Recruitment Agency,8,High,0.16,0.301,0,1,8,1416,36
Sudurpashchim,Saudi Arabia,Manufacturing,Unskilled,Male,18-24,Recruitment Agency,9,High,0.295,0.341,1,0,8,512,24
Gandaki,Malaysia,Driving,Semi-skilled,Female,25-34,Recruitment Agency,5,Medium,0.132,0.129,0,1,2,1321,24
Karnali,UK,Healthcare,Skilled,Male,18-24,Individual,1,Low,0.041,0.026,0,0,9,987,12
Bagmati,Malaysia,Healthcare,Skilled,Male,25-34,Recruitment Agency,3,Low,0.047,0.042,0,0,8,1491,12
Bagmati,Oman,Driving,Skilled,Female,25-34,Regularisation,0,Low,0.038,0.049,0,0,2,1216,24
Gandaki,Saudi Arabia,Construction,Unskilled,Male,35-44,Recruitment Agency,9,High,0.186,0.223,1,1,9,806,24
Province 1,Qatar,Hospitality,Unskilled,Male,25-34,Individual,6,Medium,0.11,0.135,0,0,3,815,12
Sudurpashchim,UK,Manufacturing,Unskilled,Female,45+,Regularisation,5,Medium,0.06,0.14,0,0,8,1481,12
Lumbini,Kuwait,Manufacturing,Unskilled,Female,18-24,Recruitment Agency,7,High,0.17,0.217,0,0,6,386,12
Karnali,Malaysia,Driving,Unskilled,Male,25-34,Recruitment Agency,6,Medium,0.082,0.186,0,0,8,818,12
Bagmati,Kuwait,Hospitality,Unskilled,Male,18-24,Recruitment Agency,5,Medium,0.098,0.109,0,0,7,998,12
Gandaki,Japan,Cleaning,Unskilled,Male,35-44,Recruitment Agency,4,Medium,0.055,0.169,0,0,2,759,36
Lumbini,Bahrain,Construction,Unskilled,Male,25-34,Recruitment Agency,8,High,0.213,0.293,0,0,9,478,12
Gandaki,UAE,Driving,Unskilled,Male,18-24,Recruitment Agency,5,Medium,0.078,0.114,0,0,7,753,24
Province 1,Bahrain,Hospitality,Skilled,Male,25-34,Individual,0,Low,0.044,0.062,0,0,2,1353,12
Gandaki,Oman,Hospitality,Unskilled,Male,18-24,Recruitment Agency,4,Medium,0.058,0.111,0,0,1,1477,24
Province 1,Qatar,Manufacturing,Unskilled,Male,25-34,Recruitment Agency,7,High,0.176,0.211,0,0,6,1070,24
Madhesh,Oman,Manufacturing,Unskilled,Female,18-24,Recruitment Agency,6,Medium,0.146,0.122,0,0,7,493,12
Lumbini,Bahrain,Manufacturing,Unskilled,Male,35-44,Recruitment Agency,6,Medium,0.09,0.198,0,0,7,1001,24
Province 1,Bahrain,Driving,Skilled,Male,25-34,Recruitment Agency,0,Low,0.011,0.054,0,0,1,509,12
Sudurpashchim,Qatar,Driving,Unskilled,Male,35-44,Recruitment Agency,8,High,0.187,0.272,0,0,8,481,12
Sudurpashchim,Qatar,Healthcare,Unskilled,Male,25-34,Recruitment Agency,8,High,0.193,0.294,0,1,6,533,24
Madhesh,Kuwait,Manufacturing,Unskilled,Male,25-34,Recruitment Agency,8,High,0.261,0.299,0,0,3,890,24
Gandaki,Qatar,Manufacturing,Unskilled,Male,35-44,Regularisation,8,High,0.258,0.24,1,0,4,1185,12
Lumbini,Qatar,Manufacturing,Unskilled,Male,25-34,Recruitment Agency,8,High,0.237,0.287,0,0,2,563,24
Karnali,UK,Cleaning,Unskilled,Male,35-44,Recruitment Agency,4,Medium,0.109,0.145,0,0,1,883,12
Karnali,Qatar,Cleaning,Skilled,Male,18-24,Recruitment Agency,5,Medium,0.11,0.129,0,0,6,1100,36
Karnali,Malaysia,Cleaning,Unskilled,Male,18-24,Recruitment Agency,6,Medium,0.078,0.11,0,0,3,866,12
Sudurpashchim,Malaysia,Cleaning,Skilled,Male,35-44,Recruitment Agency,3,Low,0.027,0.069,0,1,5,945,36
Province 1,Malaysia,Driving,Skilled,Male,25-34,Recruitment Agency,1,Low,0.022,0.061,0,0,8,1404,12
Lumbini,South Korea,Domestic Work,Skilled,Male,45+,Regularisation,2,Low,0.035,0.051,0,0,2,421,24
Province 1,South Korea,Driving,Unskilled,Male,25-34,Recruitment Agency,3,Low,0.014,0.04,0,0,9,1257,12
Lumbini,South Korea,Manufacturing,Unskilled,Male,25-34,Recruitment Agency,4,Medium,0.053,0.161,0,1,7,783,12
Province 1,South Korea,Hospitality,Skilled,Male,45+,Recruitment Agency,0,Low,0.014,0.033,0,0,1,577,12
Karnali,Malaysia,Healthcare,Unskilled,Female,18-24,Recruitment Agency,6,Medium,0.091,0.176,0,1,2,1216,36
Sudurpashchim,Oman,Driving,Skilled,Male,25-34,Recruitment Agency,2,Low,0.048,0.059,0,0,4,457,12
Bagmati,Qatar,Manufacturing,Unskilled,Male,35-44,Recruitment Agency,8,High,0.181,0.347,0,0,5,1475,12
Karnali,Oman,Healthcare,Skilled,Male,18-24,Recruitment Agency,1,Low,0.027,0.06,0,0,5,699,12
Bagmati,Bahrain,Cleaning,Unskilled,Female,18-24,Recruitment Agency,3,Low,0.027,0.078,0,0,3,939,24
Karnali,Kuwait,Cleaning,Skilled,Female,25-34,Recruitment Agency,4,Medium,0.059,0.118,0,0,3,330,36
Lumbini,Bahrain,Manufacturing,Skilled,Male,35-44,Individual,2,Low,0.042,0.029,0,0,1,446,12
Madhesh,UAE,Healthcare,Unskilled,Male,25-34,Recruitment Agency,8,High,0.266,0.222,0,0,9,1338,12
Province 1,South Korea,Construction,Unskilled,Male,25-34,Recruitment Agency,6,Medium,0.135,0.195,0,0,4,718,24
Lumbini,Bahrain,Domestic Work,Semi-skilled,Male,18-24,Recruitment Agency,5,Medium,0.105,0.145,0,0,1,862,36
Province 1,UK,Hospitality,Unskilled,Male,25-34,Recruitment Agency,4,Medium,0.124,0.1,0,0,2,1359,12
Bagmati,Saudi Arabia,Domestic Work,Unskilled,Female,25-34,Recruitment Agency,10,High,0.168,0.285,0,1,2,1051,24
Madhesh,South Korea,Cleaning,Unskilled,Male,25-34,Recruitment Agency,4,Medium,0.077,0.157,0,0,8,387,12
Lumbini,Malaysia,Cleaning,Semi-skilled,Male,18-24,Recruitment Agency,5,Medium,0.098,0.133,0,0,7,1080,12
Province 1,UK,Hospitality,Unskilled,Female,35-44,Recruitment Agency,4,Medium,0.092,0.146,0,0,4,975,12
Sudurpashchim,UAE,Driving,Unskilled,Male,35-44,Recruitment Agency,6,Medium,0.13,0.164,0,0,7,386,24
Bagmati,UAE,Construction,Skilled,Male,25-34,Recruitment Agency,6,Medium,0.093,0.106,0,0,2,591,12
Bagmati,Japan,Driving,Unskilled,Male,25-34,Recruitment Agency,2,Low,0.033,0.039,0,0,4,639,24
Karnali,Bahrain,Hospitality,Unskilled,Male,25-34,Recruitment Agency,5,Medium,0.144,0.122,1,0,3,1232,12
Lumbini,Bahrain,Manufacturing,Unskilled,Male,35-44,Recruitment Agency,5,Medium,0.137,0.163,0,0,4,1304,12
Sudurpashchim,Bahrain,Driving,Unskilled,Male,18-24,Recruitment Agency,3,Low,0.018,0.059,0,0,5,1171,24
Sudurpashchim,Malaysia,Hospitality,Skilled,Male,25-34,Recruitment Agency,3,Low,0.048,0.033,0,0,8,319,24
Gandaki,South Korea,Cleaning,Unskilled,Male,25-34,Recruitment Agency,4,Medium,0.08,0.163,0,0,6,386,24
Bagmati,Saudi Arabia,Hospitality,Skilled,Male,18-24,Recruitment Agency,3,Low,0.012,0.055,0,0,3,587,12
Province 1,Japan,Manufacturing,Unskilled,Male,35-44,Individual,4,Medium,0.088,0.184,0,0,3,707,24
Lumbini,Japan,Manufacturing,Skilled,Male,25-34,Recruitment Agency,2,Low,0.035,0.05,0,0,1,803,12
Bagmati,Oman,Hospitality,Unskilled,Male,35-44,Recruitment Agency,4,Medium,0.11,0.19,0,1,8,897,12
Madhesh,Qatar,Cleaning,Unskilled,Male,35-44,Recruitment Agency,7,High,0.173,0.295,0,1,4,1396,12
Lumbini,South Korea,Cleaning,Skilled,Male,18-24,Recruitment Agency,1,Low,0.033,0.037,0,0,8,704,24
Madhesh,UK,Domestic Work,Unskilled,Male,18-24,Recruitment Agency,8,High,0.202,0.262,0,0,9,1484,36
Madhesh,Saudi Arabia,Hospitality,Skilled,Male,35-44,Recruitment Agency,5,Medium,0.075,0.14,0,0,6,1366,24
Madhesh,Japan,Construction,Unskilled,Male,25-34,Recruitment Agency,10,High,0.237,0.208,0,0,5,462,24
Sudurpashchim,Oman,Healthcare,Unskilled,Male,25-34,Recruitment Agency,5,Medium,0.067,0.168,0,0,9,820,24
Province 1,Malaysia,Domestic Work,Unskilled,Male,25-34,Recruitment Agency,9,High,0.263,0.207,0,0,6,1465,24
Sudurpashchim,UK,Driving,Unskilled,Male,35-44,Recruitment Agency,3,Low,0.031,0.025,0,1,9,1354,36
Bagmati,UK,Domestic Work,Unskilled,Male,25-34,Recruitment Agency,7,High,0.209,0.284,0,0,8,1408,36
Bagmati,Japan,Healthcare,Semi-skilled,Male,25-34,Recruitment Agency,2,Low,0.025,0.053,0,1,9,922,24
Bagmati,Bahrain,Cleaning,Skilled,Male,25-34,Recruitment Agency,0,Low,0.045,0.033,0,0,5,423,12
Bagmati,Malaysia,Construction,Unskilled,Male,18-24,Recruitment Agency,10,High,0.258,0.292,0,0,6,533,36
Sudurpashchim,Bahrain,Cleaning,Unskilled,Male,25-34,Recruitment Agency,3,Low,0.015,0.035,0,0,3,1117,12
Karnali,Qatar,Driving,Skilled,Female,25-34,Recruitment Agency,4,Medium,0.069,0.175,0,0,1,828,24
Lumbini,UK,Driving,Skilled,Male,35-44,Recruitment Agency,0,Low,0.014,0.048,0,0,5,591,12
Karnali,Malaysia,Construction,Unskilled,Male,35-44,Regularisation,10,High,0.182,0.244,0,1,4,1258,12
Gandaki,Saudi Arabia,Driving,Skilled,Male,45+,Recruitment Agency,4,Medium,0.071,0.169,0,0,3,884,36
Bagmati,Japan,Construction,Skilled,Male,25-34,Recruitment Agency,5,Medium,0.058,0.152,0,0,6,1290,12
Sudurpashchim,Qatar,Healthcare,Skilled,Female,25-34,Recruitment Agency,3,Low,0.031,0.044,0,0,3,330,24
Karnali,South Korea,Construction,Unskilled,Male,25-34,Recruitment Agency,10,High,0.215,0.293,1,0,2,665,12
Gandaki,South Korea,Domestic Work,Unskilled,Male,35-44,Recruitment Agency,5,Medium,0.081,0.195,0,1,6,923,12
Madhesh,Malaysia,Domestic Work,Skilled,Male,35-44,Recruitment Agency,7,High,0.201,0.229,0,0,9,533,24
Karnali,Malaysia,Construction,Semi-skilled,Male,35-44,Recruitment Agency,10,High,0.265,0.237,0,0,6,1456,12
Madhesh,Bahrain,Hospitality,Unskilled,Male,25-34,Recruitment Agency,6,Medium,0.113,0.18,0,0,6,1382,24
Gandaki,UK,Cleaning,Skilled,Male,18-24,Recruitment Agency,0,Low,0.037,0.032,0,0,8,934,24
Karnali,Oman,Cleaning,Unskilled,Male,35-44,Recruitment Agency,6,Medium,0.121,0.197,0,1,8,1469,24
Madhesh,Bahrain,Healthcare,Unskilled,Male,18-24,Recruitment Agency,4,Medium,0.138,0.195,1,0,6,801,12
Province 1,Malaysia,Manufacturing,Unskilled,Female,35-44,Recruitment Agency,8,High,0.227,0.214,0,0,9,612,12
Gandaki,Saudi Arabia,Domestic Work,Semi-skilled,Male,35-44,Recruitment Agency,8,High,0.167,0.258,0,0,9,658,24
Bagmati,Malaysia,Hospitality,Unskilled,Male,25-34,Regularisation,5,Medium,0.138,0.182,0,0,3,1097,12
Lumbini,South Korea,Construction,Skilled,Female,25-34,Recruitment Agency,4,Medium,0.091,0.198,0,0,2,950,12
Gandaki,UAE,Domestic Work,Unskilled,Male,25-34,Recruitment Agency,9,High,0.189,0.271,0,0,5,445,24
Province 1,Malaysia,Healthcare,Semi-skilled,Female,25-34,Recruitment Agency,4,Medium,0.134,0.143,0,0,5,1349,36
Bagmati,Saudi Arabia,Driving,Unskilled,Male,25-34,Recruitment Agency,7,High,0.208,0.237,1,1,8,532,12
Madhesh,Oman,Manufacturing,Unskilled,Male,18-24,Recruitment Agency,6,Medium,0.09,0.186,0,0,2,1325,24
Karnali,Japan,Hospitality,Unskilled,Male,25-34,Individual,5,Medium,0.098,0.17,0,0,6,1201,12
Gandaki,Malaysia,Cleaning,Skilled,Male,18-24,Recruitment Agency,1,Low,0.05,0.03,0,0,2,1249,24
Province 1,UK,Construction,Unskilled,Female,18-24,Recruitment Agency,8,High,0.292,0.205,1,0,4,1465,12
Sudurpashchim,Saudi Arabia,Healthcare,Skilled,Male,25-34,Recruitment Agency,4,Medium,0.141,0.15,0,0,7,320,24
Madhesh,Japan,Driving,Unskilled,Male,18-24,Recruitment Agency,4,Medium,0.15,0.194,1,0,1,1457,12
Karnali,Malaysia,Driving,Unskilled,Male,35-44,Recruitment Agency,8,High,0.251,0.339,0,1,6,533,12
Karnali,Malaysia,Healthcare,Unskilled,Male,35-44,Recruitment Agency,8,High,0.181,0.282,0,1,2,777,24
Lumbini,Saudi Arabia,Cleaning,Skilled,Male,25-34,Recruitment Agency,3,Low,0.04,0.045,0,0,1,1477,36
Lumbini,Oman,Driving,Unskilled,Male,25-34,Individual,3,Low,0.048,0.07,0,0,9,1083,36
Madhesh,Qatar,Manufacturing,Skilled,Male,35-44,Recruitment Agency,6,Medium,0.101,0.156,0,0,7,1337,24
Madhesh,South Korea,Construction,Unskilled,Female,18-24,Recruitment Agency,9,High,0.223,0.231,0,0,5,1333,24
Madhesh,South Korea,Hospitality,Unskilled,Male,35-44,Recruitment Agency,6,Medium,0.075,0.131,0,0,2,1491,24
Province 1,Malaysia,Domestic Work,Skilled,Female,35-44,Recruitment Agency,6,Medium,0.06,0.115,0,0,1,1158,12
Sudurpashchim,UAE,Driving,Skilled,Male,18-24,Recruitment Agency,5,Medium,0.085,0.104,0,0,9,1263,12
Bagmati,Saudi Arabia,Manufacturing,Unskilled,Male,25-34,Recruitment Agency,8,High,0.279,0.225,0,0,7,885,24
Gandaki,Oman,Manufacturing,Unskilled,Male,35-44,Individual,4,Medium,0.129,0.18,0,0,2,1374,12
Sudurpashchim,UK,Driving,Unskilled,Male,25-34,Recruitment Agency,3,Low,0.025,0.07,0,0,1,1435,24
Karnali,Malaysia,Hospitality,Unskilled,Male,25-34,Recruitment Agency,7,High,0.227,0.246,0,0,8,1197,12
Province 1,UAE,Construction,Unskilled,Male,18-24,Recruitment Agency,10,High,0.217,0.299,0,0,6,600,12
Madhesh,Qatar,Construction,Unskilled,Male,25-34,Recruitment Agency,10,High,0.288,0.246,1,0,8,494,12
